-- phpMyAdmin SQL Dump
-- version 5.0.2
-- https://www.phpmyadmin.net/
--
-- Servidor: 127.0.0.1
-- Tiempo de generación: 13-04-2021 a las 02:21:56
-- Versión del servidor: 10.4.11-MariaDB
-- Versión de PHP: 7.4.4

SET SQL_MODE = "NO_AUTO_VALUE_ON_ZERO";
START TRANSACTION;
SET time_zone = "+00:00";


/*!40101 SET @OLD_CHARACTER_SET_CLIENT=@@CHARACTER_SET_CLIENT */;
/*!40101 SET @OLD_CHARACTER_SET_RESULTS=@@CHARACTER_SET_RESULTS */;
/*!40101 SET @OLD_COLLATION_CONNECTION=@@COLLATION_CONNECTION */;
/*!40101 SET NAMES utf8mb4 */;

--
-- Base de datos: `laravel_master`
--

-- --------------------------------------------------------

--
-- Estructura de tabla para la tabla `comments`
--

CREATE TABLE `comments` (
  `id` int(255) NOT NULL,
  `user_id` int(255) DEFAULT NULL,
  `image_id` int(255) DEFAULT NULL,
  `content` text DEFAULT NULL,
  `created_at` datetime DEFAULT NULL,
  `updated_at` datetime DEFAULT NULL
) ENGINE=InnoDB DEFAULT CHARSET=utf8mb4;

--
-- Volcado de datos para la tabla `comments`
--

INSERT INTO `comments` (`id`, `user_id`, `image_id`, `content`, `created_at`, `updated_at`) VALUES
(1, 1, 4, 'Buena foto de familia!!', '2020-06-03 20:52:40', '2020-06-03 20:52:40'),
(2, 2, 1, 'Buena foto de PLAYA!!', '2020-06-03 20:52:40', '2020-06-03 20:52:40'),
(3, 2, 4, 'que bueno!!', '2020-06-03 20:52:40', '2020-06-03 20:52:40');

-- --------------------------------------------------------

--
-- Estructura de tabla para la tabla `images`
--

CREATE TABLE `images` (
  `id` int(255) NOT NULL,
  `user_id` int(255) DEFAULT NULL,
  `image_path` varchar(255) DEFAULT NULL,
  `description` text DEFAULT NULL,
  `created_at` datetime DEFAULT NULL,
  `updated_at` datetime DEFAULT NULL
) ENGINE=InnoDB DEFAULT CHARSET=utf8mb4;

--
-- Volcado de datos para la tabla `images`
--

INSERT INTO `images` (`id`, `user_id`, `image_path`, `description`, `created_at`, `updated_at`) VALUES
(1, 1, 'test.jpg', 'descripción de prueba 1', '2020-06-03 20:52:40', '2020-06-03 20:52:40'),
(2, 1, 'playa.jpg', 'descripción de prueba 2', '2020-06-03 20:52:40', '2020-06-03 20:52:40'),
(3, 1, 'arena.jpg', 'descripción de prueba 3', '2020-06-03 20:52:40', '2020-06-03 20:52:40'),
(4, 3, 'familia.jpg', 'descripción de prueba 4', '2020-06-03 20:52:40', '2020-06-03 20:52:40'),
(5, 5, '1591756397logo.JPG', 'qqqq', '2020-06-07 22:28:17', '2020-06-10 02:33:18');

-- --------------------------------------------------------

--
-- Estructura de tabla para la tabla `likes`
--

CREATE TABLE `likes` (
  `id` int(255) NOT NULL,
  `user_id` int(255) DEFAULT NULL,
  `image_id` int(255) DEFAULT NULL,
  `created_at` datetime DEFAULT NULL,
  `updated_at` datetime DEFAULT NULL
) ENGINE=InnoDB DEFAULT CHARSET=utf8mb4;

--
-- Volcado de datos para la tabla `likes`
--

INSERT INTO `likes` (`id`, `user_id`, `image_id`, `created_at`, `updated_at`) VALUES
(1, 1, 4, '2020-06-03 20:52:40', '2020-06-03 20:52:40'),
(2, 2, 4, '2020-06-03 20:52:40', '2020-06-03 20:52:40'),
(3, 3, 1, '2020-06-03 20:52:40', '2020-06-03 20:52:40'),
(4, 3, 2, '2020-06-03 20:52:40', '2020-06-03 20:52:40'),
(5, 2, 1, '2020-06-03 20:52:40', '2020-06-03 20:52:40'),
(12, 5, 5, '2020-06-09 21:37:49', '2020-06-09 21:37:49');

-- --------------------------------------------------------

--
-- Estructura de tabla para la tabla `mvto_ventas`
--

CREATE TABLE `mvto_ventas` (
  `id` bigint(20) NOT NULL,
  `fecha` date NOT NULL,
  `cantidad` decimal(18,2) NOT NULL,
  `precio_venta` decimal(18,2) NOT NULL,
  `impuesto` decimal(18,2) NOT NULL DEFAULT 0.00,
  `total` decimal(18,2) NOT NULL,
  `productoId` bigint(20) NOT NULL
) ENGINE=InnoDB DEFAULT CHARSET=utf8mb4;

-- --------------------------------------------------------

--
-- Estructura de tabla para la tabla `productos`
--

CREATE TABLE `productos` (
  `id` bigint(20) NOT NULL,
  `producto` varchar(255) NOT NULL,
  `descripcion` varchar(255) DEFAULT NULL,
  `precio_costo` decimal(18,2) NOT NULL DEFAULT 0.00,
  `precio_venta` decimal(18,2) NOT NULL DEFAULT 0.00,
  `existencia` decimal(18,2) NOT NULL DEFAULT 0.00,
  `proveedorId` bigint(20) NOT NULL,
  `fecha` date DEFAULT NULL
) ENGINE=InnoDB DEFAULT CHARSET=utf8mb4;

--
-- Volcado de datos para la tabla `productos`
--

INSERT INTO `productos` (`id`, `producto`, `descripcion`, `precio_costo`, `precio_venta`, `existencia`, `proveedorId`, `fecha`) VALUES
(1, 'ADVOCATE GATO X 0.8 ML', 'NO APLICA', '33750.00', '42200.00', '1.00', 1, NULL),
(2, 'AQUADENT X 25O ML', 'NO APLICA', '27340.00', '34200.00', '2.00', 1, NULL),
(3, 'AVEX GOTERO', 'NO APLICA', '6320.00', '7600.00', '3.00', 1, NULL),
(4, 'BOLFO POLVO X 100', 'NO APLICA', '14670.00', '18400.00', '4.00', 1, NULL),
(5, 'BOLFO SHAMPO X 100 ML', 'NO APLICA', '9706.00', '12700.00', '5.00', 1, NULL),
(6, 'BRILLO CLEAN EXES', 'NO APLICA', '34420.00', '43000.00', '6.00', 1, NULL),
(7, 'BRILLO DENTAL CARE 60', 'NO APLICA', '19546.00', '24500.00', '7.00', 1, NULL),
(8, 'CALSYN X 120 ML', 'NO APLICA', '14980.00', '19500.00', '8.00', 1, NULL),
(9, 'CANYSAN D X 10 ML', 'NO APLICA', '12860.00', '15500.00', '9.00', 1, NULL),
(10, 'CANYSAN D X 2,5 ML', 'NO APLICA', '8080.00', '9700.00', '10.00', 1, NULL),
(11, 'CANYSAN D X 5 ML', 'NO APLICA', '9420.00', '11300.00', '11.00', 1, NULL),
(12, 'CANYSAN F 10ML', 'NO APLICA', '12040.00', '14500.00', '12.00', 1, NULL),
(13, 'CANYSAN F 5ML', 'NO APLICA', '8890.00', '11700.00', '13.00', 1, NULL),
(14, 'CANYSAN PUPPY 2.5 ML', 'NO APLICA', '5960.00', '7200.00', '14.00', 1, NULL),
(15, 'CANYSAN PUPPY 5ML', 'NO APLICA', '7240.00', '8700.00', '15.00', 1, NULL),
(16, 'CHAMPU BRILLO SOBRE', 'NO APLICA', '3650.00', '4700.00', '16.00', 1, NULL),
(17, 'CHAMPU BRILLO X 120', 'NO APLICA', '19470.00', '24400.00', '17.00', 1, NULL),
(18, 'CHAMPU BRILLO X 250', 'NO APLICA', '24790.00', '29800.00', '18.00', 1, NULL),
(19, 'CLORDEN', 'NO APLICA', '21040.00', '26500.00', '19.00', 1, NULL),
(20, 'CLORHEXIN SPRAY X 120', 'NO APLICA', '19060.00', '23800.00', '20.00', 1, NULL),
(21, 'COLIRIOZOO GOTERO', 'NO APLICA', '8090.00', '10200.00', '21.00', 1, NULL),
(22, 'DERMOSYN X 100 ML', 'NO APLICA', '24250.00', '30500.00', '22.00', 1, NULL),
(23, 'DERMOSYN X 50 ML', 'NO APLICA', '19290.00', '23000.00', '23.00', 1, NULL),
(24, 'DOG CAMPO X 5 ML', 'NO APLICA', '5410.00', '6500.00', '24.00', 1, NULL),
(25, 'EDO 5 X 120 ML', 'NO APLICA', '14000.00', '17500.00', '25.00', 1, NULL),
(26, 'FIPRO SPRAY X 50 ML', 'NO APLICA', '24330.00', '29200.00', '26.00', 1, NULL),
(27, 'FIPRO TOP SPOT X 0.5 GATO', 'NO APLICA', '10220.00', '13300.00', '27.00', 1, NULL),
(28, 'FIPRO TOP SPOT X 1.34 PERRO', 'NO APLICA', '11850.00', '14800.00', '28.00', 1, NULL),
(29, 'FIPRO TOP SPOT X 2.68 PERRO', 'NO APLICA', '14220.00', '18500.00', '29.00', 1, NULL),
(30, 'FIPRO TOP STOP 0,67 0-10 KLO', 'NO APLICA', '10910.00', '13700.00', '30.00', 1, NULL),
(31, 'FOSFYCAL PERROS X 120 ML', 'NO APLICA', '14690.00', '18400.00', '31.00', 1, NULL),
(32, 'FUNGISIN GREMA', 'NO APLICA', '11450.00', '13800.00', '32.00', 1, NULL),
(33, 'GALCOCAL 600 MG', 'NO APLICA', '3065.00', '4000.00', '33.00', 1, NULL),
(34, 'GALCOCAL X 200 MG', 'NO APLICA', '2490.00', '3200.00', '34.00', 1, NULL),
(35, 'HAPPYPEL SHAMPOO INSECTISIDA X 260 ML', 'NO APLICA', '17110.00', '22300.00', '35.00', 1, NULL),
(36, 'INMUNAIR GOTERO', 'NO APLICA', '12720.00', '15300.00', '36.00', 1, NULL),
(37, 'IXER 080 X 120 ML', 'NO APLICA', '12890.00', '16200.00', '37.00', 1, NULL),
(38, 'JABOM POMPAS', 'NO APLICA', '6330.00', '8000.00', '38.00', 1, NULL),
(39, 'JABON ASUNTOL 100 GM', 'NO APLICA', '7880.00', '9800.00', '39.00', 1, NULL),
(40, 'JABON ASUNTOL SABILA 100 GM', 'NO APLICA', '8360.00', '10000.00', '40.00', 1, NULL),
(41, 'JABON CLORHEXIN', 'NO APLICA', '13340.00', '16000.00', '41.00', 1, NULL),
(42, 'JABON DERMAVET', 'NO APLICA', '5970.00', '7200.00', '42.00', 1, NULL),
(43, 'JABON VETRIDERM', 'NO APLICA', '14780.00', '19000.00', '43.00', 1, NULL),
(44, 'JABON ZOO INSECTICIDA X 100', 'NO APLICA', '4960.00', '6200.00', '44.00', 1, NULL),
(45, 'KIROTIL GOTERO', 'NO APLICA', '5520.00', '7200.00', '45.00', 1, NULL),
(46, 'LINDOPEL', 'NO APLICA', '24286.00', '31600.00', '46.00', 1, NULL),
(47, 'MELODOL', 'NO APLICA', '8550.00', '10700.00', '47.00', 1, NULL),
(48, 'MELOXIC ORAL MIEL', 'NO APLICA', '10900.00', '13100.00', '48.00', 1, NULL),
(49, 'MELOXICAN ORAL', 'NO APLICA', '9400.00', '11700.00', '49.00', 1, NULL),
(50, 'MILPRO 16 MG A 4 MG', 'NO APLICA', '10080.00', '13100.00', '50.00', 1, NULL),
(51, 'MILPRO 4 MG A 10 MG', 'NO APLICA', '6990.00', '9000.00', '51.00', 1, NULL),
(52, 'NEXGARD 2-4 KG', 'NO APLICA', '28080.00', '35000.00', '52.00', 1, NULL),
(53, 'NEXGARD 25-50 KLO', 'NO APLICA', '39310.00', '49000.00', '53.00', 1, NULL),
(54, 'NEXGARD 4.1-10 KG', 'NO APLICA', '28930.00', '36200.00', '54.00', 1, NULL),
(55, 'NEXGART 10.1-25 KG', 'NO APLICA', '34120.00', '41000.00', '55.00', 1, NULL),
(56, 'NOVACAN CACHORROS X 2.5 ML', 'NO APLICA', '3665.00', '4800.00', '56.00', 1, NULL),
(57, 'NOVACAN CACHORROS X 5 ML', 'NO APLICA', '4000.00', '5200.00', '57.00', 1, NULL),
(58, 'NOVACAN T X 10 ML', 'NO APLICA', '7030.00', '9200.00', '58.00', 1, NULL),
(59, 'NOVACAN T X 2.5ML', 'NO APLICA', '4685.00', '6100.00', '59.00', 1, NULL),
(60, 'NOVACAN T X 5ML', 'NO APLICA', '5165.00', '6700.00', '60.00', 1, NULL),
(61, 'PIPICAN', 'NO APLICA', '11403.00', '16000.00', '61.00', 1, NULL),
(62, 'PRIMEC GOTERO', 'NO APLICA', '13830.00', '16600.00', '62.00', 1, NULL),
(63, 'PROMOCALIER GOTERO 20 ML', 'NO APLICA', '7930.00', '9500.00', '63.00', 1, NULL),
(64, 'RONDEL X 2 ML', 'NO APLICA', '5570.00', '7200.00', '64.00', 1, NULL),
(65, 'RONDEL PUPPY X 2 ML', 'NO APLICA', '6230.00', '7500.00', '65.00', 1, NULL),
(66, 'RONDEL PUPPY X 5 ML', 'NO APLICA', '6990.00', '8400.00', '66.00', 1, NULL),
(67, 'RONDEL X 10 ML', 'NO APLICA', '10490.00', '12600.00', '67.00', 1, NULL),
(68, 'RONDEL X 5 ML', 'NO APLICA', '7920.00', '9600.00', '68.00', 1, NULL),
(69, 'SHAMPO CLORHEXIN *240', 'NO APLICA', '21610.00', '27000.00', '69.00', 1, NULL),
(70, 'SHAMPO KERACLEAN', 'NO APLICA', '26140.00', '31400.00', '70.00', 1, NULL),
(71, 'SHAMPO PUPPY VICAR', 'NO APLICA', '23100.00', '28800.00', '71.00', 1, NULL),
(72, 'SINPULGAR 205,9 ML RP', 'NO APLICA', '5455.00', '6600.00', '72.00', 1, NULL),
(73, 'SINPULGAR 409,8 ML RG', 'NO APLICA', '6830.00', '8200.00', '73.00', 1, NULL),
(74, 'HEMAVET B-12 ORAL X 100 ML', 'NO APLICA', '13870.00', '17800.00', '74.00', 1, NULL),
(75, 'ARENA MIRRINGO X 5 KLO', 'NO APLICA', '15618.00', '19600.00', '75.00', 24, NULL),
(76, 'MIRRINGO GATITOS X KLO', 'NO APLICA', '5775.00', '7000.00', '76.00', 24, NULL),
(77, 'MIRRINGO GATITOS X LIBRA', 'NO APLICA', '3114.00', '3800.00', '77.00', 24, NULL),
(78, 'MIRRINGO X 8 KLO', 'NO APLICA', '35471.00', '43000.00', '78.00', 24, NULL),
(79, 'MIRRINGO X KLO', 'NO APLICA', '4733.00', '6000.00', '79.00', 24, NULL),
(80, 'MIRRINGO X LIBRA', 'NO APLICA', '2599.00', '3200.00', '80.00', 24, NULL),
(81, 'NUTRIS CACHORROS X 2 KLO', 'NO APLICA', '6709.00', '8400.00', '81.00', 24, NULL),
(82, 'NUTRIS CARNE Y VEGE X 2 KLO', 'NO APLICA', '7245.00', '8700.00', '82.00', 24, NULL),
(83, 'NUTRIS POLLO Y VEGE X 2 KLO', 'NO APLICA', '6370.00', '7600.00', '83.00', 24, NULL),
(84, 'RINGO CACHORROS X 1 KLO', 'NO APLICA', '3087.00', '3900.00', '84.00', 24, NULL),
(85, 'RINGO CACHORROS X 2 KLO', 'NO APLICA', '5853.00', '7600.00', '85.00', 24, NULL),
(86, 'RINGO CROQUETAS X 1 KLO', 'NO APLICA', '2513.00', '3200.00', '86.00', 24, NULL),
(87, 'RINGO CROQUETAS X 2 KLO', 'NO APLICA', '4828.00', '6000.00', '87.00', 24, NULL),
(88, 'RINGO PREMIUN X 1 KLO', 'NO APLICA', '3252.00', '3900.00', '88.00', 24, NULL),
(89, 'RINGO PREMIUN X 2 KLO', 'NO APLICA', '6314.00', '7600.00', '89.00', 24, NULL),
(90, 'ARENA BIOKITTY X 5.1 KLOS', 'NO APLICA', '13450.00', '21600.00', '90.00', 2, NULL),
(91, 'ARENA LAVANDA X 4 KL', 'NO APLICA', '10100.00', '16200.00', '91.00', 2, NULL),
(92, 'AZUL DE METILENO', 'NO APLICA', '1100.00', '2000.00', '92.00', 2, NULL),
(93, 'BANDEJA GATO HYDRA', 'NO APLICA', '10150.00', '16500.00', '93.00', 2, NULL),
(94, 'BETERA AP270CU01064', 'NO APLICA', '15350.00', '25000.00', '94.00', 2, NULL),
(95, 'BETERERAS PARA PECES', 'NO APLICA', '6100.00', '10500.00', '95.00', 2, NULL),
(96, 'BOLA HANSTER', 'NO APLICA', '14600.00', '24000.00', '96.00', 2, NULL),
(97, 'CASA HAMSTER', 'NO APLICA', '5500.00', '9000.00', '97.00', 2, NULL),
(98, 'CERAMICA MINI PECERA', 'NO APLICA', '550.00', '1000.00', '98.00', 2, NULL),
(99, 'CERAMICA PECERA MEDIANA', 'NO APLICA', '950.00', '1600.00', '99.00', 2, NULL),
(100, 'CERAMICA PECERA PEQUEÑA', 'NO APLICA', '740.00', '1200.00', '100.00', 2, NULL),
(101, 'JAULA AVE 102101039', 'NO APLICA', '21500.00', '40000.00', '101.00', 2, NULL),
(102, 'JAULA AVE 103 LO1006', 'NO APLICA', '21500.00', '40000.00', '102.00', 2, NULL),
(103, 'JAULA AVE 304 LO1040', 'NO APLICA', '29200.00', '47000.00', '103.00', 2, NULL),
(104, 'JAULA HAMSTER LO1041', 'NO APLICA', '29200.00', '47000.00', '104.00', 2, NULL),
(105, 'JAULA HAMSTER LO1042', 'NO APLICA', '54500.00', '87500.00', '105.00', 2, NULL),
(106, 'JAULA HAMSTER W02001', 'NO APLICA', '54500.00', '88000.00', '106.00', 2, NULL),
(107, 'JAULA PARA HAMSTER 951BL01003', 'NO APLICA', '54000.00', '92000.00', '107.00', 2, NULL),
(108, 'JAULAS HASTER W02003', 'NO APLICA', '31000.00', '47000.00', '108.00', 2, NULL),
(109, 'JAULAS HASTER W02027', 'NO APLICA', '29500.00', '45000.00', '109.00', 2, NULL),
(110, 'JAULAS HASTER W02030', 'NO APLICA', '34500.00', '52000.00', '110.00', 2, NULL),
(111, 'PALA GATO', 'NO APLICA', '3450.00', '5500.00', '111.00', 2, NULL),
(112, 'PALA GATO', 'NO APLICA', '3750.00', '6000.00', '112.00', 2, NULL),
(113, 'PALA R03050', 'NO APLICA', '1900.00', '3000.00', '113.00', 2, NULL),
(114, 'PELOTA GATO COLORES', 'NO APLICA', '1575.00', '2600.00', '114.00', 2, NULL),
(115, 'PELOTA GATO SONAJERO', 'NO APLICA', '975.00', '1600.00', '115.00', 2, NULL),
(116, 'PELOTA PUNTOS', 'NO APLICA', '3500.00', '5600.00', '116.00', 2, NULL),
(117, 'PIEDRA PARA PECERA', 'NO APLICA', '500.00', '1000.00', '117.00', 2, NULL),
(118, 'PLANTA 10 CM XUNIDAD', 'NO APLICA', '1350.00', '2200.00', '118.00', 2, NULL),
(119, 'PLANTA MEDIANA ACUARIO', 'NO APLICA', '2100.00', '3300.00', '119.00', 2, NULL),
(120, 'PLANTA PEQUEÑA ACUARIO PRO1902', 'NO APLICA', '600.00', '1000.00', '120.00', 2, NULL),
(121, 'RODILLO GATO SONAJERO', 'NO APLICA', '975.00', '1800.00', '121.00', 2, NULL),
(122, 'TRANSPOSTADOR HUACAL', 'NO APLICA', '20500.00', '33000.00', '122.00', 2, NULL),
(123, 'ADORE SNACKS GATOS', 'NO APLICA', '4736.00', '6200.00', '123.00', 3, NULL),
(124, 'ALIMENTO HAMSTER X 500 G', 'NO APLICA', '2399.00', '3200.00', '124.00', 3, NULL),
(125, 'ALIMENTO LOROS CACATUAS X 500 GR', 'NO APLICA', '2588.00', '3300.00', '125.00', 3, NULL),
(126, 'AVENA X 500', 'NO APLICA', '2398.00', '3200.00', '126.00', 3, NULL),
(127, 'BOLSA REPUESTO', 'NO APLICA', '1310.00', '2000.00', '127.00', 3, NULL),
(128, 'CACAHUATE X 250 G', 'NO APLICA', '2450.00', '3100.00', '128.00', 3, NULL),
(129, 'CAT CHOW CARNE REEMPACADO ACTIVO', 'NO APLICA', '4362.00', '5500.00', '129.00', 3, NULL),
(130, 'CAT CHOW DELIMIX REMPACADO', 'NO APLICA', '5127.00', '7000.00', '130.00', 3, NULL),
(131, 'CAT CHOW GATITOS REMPACADO', 'NO APLICA', '5262.00', '6900.00', '131.00', 3, NULL),
(132, 'CAT CHOW POUCHE', 'NO APLICA', '2602.00', '3300.00', '132.00', 3, NULL),
(133, 'CAT CHOW VIDA SANA X 450 GR', 'NO APLICA', '9294.00', '11600.00', '133.00', 3, NULL),
(134, 'CONEJINA X 1 KLO', 'NO APLICA', '2126.00', '2700.00', '134.00', 3, NULL),
(135, 'DOG CHOW ABRAZOS JUNIOR', 'NO APLICA', '7848.00', '10700.00', '135.00', 3, NULL),
(136, 'DOG CHOW ABRAZOS MAXI', 'NO APLICA', '10803.00', '14200.00', '136.00', 3, NULL),
(137, 'DOG CHOW ABRAZOS MINI', 'NO APLICA', '10903.00', '14200.00', '137.00', 3, NULL),
(138, 'DOG CHOW AD M Y G X 475 G', 'NO APLICA', '3814.00', '4800.00', '138.00', 3, NULL),
(139, 'DOG CHOW AD RP X 475G', 'NO APLICA', '4023.00', '4900.00', '139.00', 3, NULL),
(140, 'DOG CHOW CACH RP X 475 GR', 'NO APLICA', '4023.00', '4900.00', '140.00', 3, NULL),
(141, 'DOG CHOW CACHORRO X 500 REEMPAQUE', 'NO APLICA', '3774.00', '4700.00', '141.00', 3, NULL),
(142, 'DOG CHOW LATAS CORDERO Y ARROZ', 'NO APLICA', '6151.00', '7700.00', '142.00', 3, NULL),
(143, 'DOG CHOW POUCHES', 'NO APLICA', '2394.00', '3000.00', '143.00', 3, NULL),
(144, 'EXCELLENT ADULTO X 1 KLO', 'NO APLICA', '20528.00', '25700.00', '144.00', 3, NULL),
(145, 'EXCELLENT KITTEN X 1 KLO', 'NO APLICA', '21462.00', '26900.00', '145.00', 3, NULL),
(146, 'FANCY FEAST', 'NO APLICA', '2904.00', '3800.00', '146.00', 3, NULL),
(147, 'FELIX DRY TRIPLE X 500', 'NO APLICA', '6198.00', '7800.00', '147.00', 3, NULL),
(148, 'FELIX LATA', 'NO APLICA', '4152.00', '5200.00', '148.00', 3, NULL),
(149, 'FELIX POUCHES', 'NO APLICA', '2409.00', '3000.00', '149.00', 3, NULL),
(150, 'GALLETA RELLENA GATO', 'NO APLICA', '3778.00', '5300.00', '150.00', 3, NULL),
(151, 'GATSY CARNE Y PESCADOX 500', 'NO APLICA', '2675.00', '3300.00', '151.00', 3, NULL),
(152, 'GIRASOL X 200 G', 'NO APLICA', '1176.00', '1600.00', '152.00', 3, NULL),
(153, 'GIRASOL X 500', 'NO APLICA', '2941.00', '4000.00', '153.00', 3, NULL),
(154, 'HUESO CALAMBOMBO MEDIO', 'NO APLICA', '4018.00', '6100.00', '154.00', 3, NULL),
(155, 'LADRINA ADULTO X 1 KLO', 'NO APLICA', '4736.00', '5900.00', '155.00', 3, NULL),
(156, 'LADRINA CACHORROS X 1 KLO', 'NO APLICA', '5029.00', '6300.00', '156.00', 3, NULL),
(157, 'LINAZA EN PEPA', 'NO APLICA', '1556.00', '2400.00', '157.00', 3, NULL),
(158, 'ORNAMENTALES ECONO X 500GR', 'NO APLICA', '2219.00', '2900.00', '158.00', 3, NULL),
(159, 'PATICA CERDO', 'NO APLICA', '3496.00', '5500.00', '159.00', 3, NULL),
(160, 'PETYS POTE PROMO', 'NO APLICA', '11890.00', '19500.00', '160.00', 3, NULL),
(161, 'PETYS RISTA X 4', 'NO APLICA', '1725.00', '2600.00', '161.00', 3, NULL),
(162, 'PETYS X 50', 'NO APLICA', '6935.00', '10500.00', '162.00', 3, NULL),
(163, 'PETYS X 80', 'NO APLICA', '8290.00', '12500.00', '163.00', 3, NULL),
(164, 'TAPETES LOPETS', 'NO APLICA', '804.00', '1300.00', '164.00', 3, NULL),
(165, 'TAPETES PETYS INDIVIDUAL', 'NO APLICA', '1949.00', '2900.00', '165.00', 3, NULL),
(166, 'TOCINETA SNACK X 170', 'NO APLICA', '8270.00', '10800.00', '166.00', 3, NULL),
(167, 'DOG GOURMET CARNE A LA PARRILLA X 1 KLO', 'NO APLICA', '7361.00', '9200.00', '167.00', 4, NULL),
(168, 'DOG GOURMET POLLO A LA BRASA', 'NO APLICA', '7010.00', '9200.00', '168.00', 4, NULL),
(169, 'DOGOURMET CACHORRO X 1 KLO', 'NO APLICA', '7775.00', '9200.00', '169.00', 4, NULL),
(170, 'DOGOURMET PARRILLA MIXTA X 1 KLO', 'NO APLICA', '7361.00', '9200.00', '170.00', 4, NULL),
(171, 'OHMAIGAT CASEROS X 500 GR', 'NO APLICA', '6618.00', '8300.00', '171.00', 4, NULL),
(172, 'OHMAIGAT INQUIETOS X 500 GR', 'NO APLICA', '6618.00', '8300.00', '172.00', 4, NULL),
(173, 'OHMAIGAT JUGUETONES X 500 GR', 'NO APLICA', '6288.00', '7900.00', '173.00', 4, NULL),
(174, 'OHMAIGAT SEDENTARIOSX 500 GR', 'NO APLICA', '6288.00', '7900.00', '174.00', 4, NULL),
(175, 'BAÑO SECO GATO', 'NO APLICA', '14484.00', '18200.00', '175.00', 5, NULL),
(176, 'ESENCIA ANTIESTRES', 'NO APLICA', '18707.00', '23500.00', '176.00', 5, NULL),
(177, 'ESENCIA AQUÍ SI CAN- AQUÍNOCAN', 'NO APLICA', '15840.00', '19500.00', '177.00', 5, NULL),
(178, 'PERFUME PARA HEMBRA- MACHO', 'NO APLICA', '10298.00', '13500.00', '178.00', 5, NULL),
(179, 'ESENCIA MIEDO X 2,5 ML', 'NO APLICA', '12976.00', '17000.00', '179.00', 5, NULL),
(180, 'BEBEDERO CONEJO', 'NO APLICA', '7500.00', '11200.00', '180.00', 6, NULL),
(181, 'CARGADOR MORRAL PEQUEÑO', 'NO APLICA', '40000.00', '60000.00', '181.00', 6, NULL),
(182, 'PAQUETE PELOTA TENIS X 3', 'NO APLICA', '2166.00', '3300.00', '182.00', 6, NULL),
(183, 'ARENA PETYS X 4,5 KLO', 'NO APLICA', '14888.00', '19400.00', '183.00', 7, NULL),
(184, 'PETYS ANTIBACTERIAL 40 UN', 'NO APLICA', '5200.00', '7000.00', '184.00', 7, NULL),
(185, 'CAMA # 1', 'NO APLICA', '17000.00', '30000.00', '185.00', 8, NULL),
(186, 'CAMA #2', 'NO APLICA', '25000.00', '40000.00', '186.00', 8, NULL),
(187, 'CAMA #3', 'NO APLICA', '28000.00', '45000.00', '187.00', 8, NULL),
(188, 'CAMA #4', 'NO APLICA', '40000.00', '64000.00', '188.00', 8, NULL),
(189, 'CAMA IGLOO #1', 'NO APLICA', '28000.00', '43000.00', '189.00', 8, NULL),
(190, 'CAMA IGLOO #2', 'NO APLICA', '32000.00', '49000.00', '190.00', 8, NULL),
(191, 'CASA PERRO MADERA #1', 'NO APLICA', '30000.00', '45000.00', '191.00', 8, NULL),
(192, 'CASA PERRO MADERA #2', 'NO APLICA', '37000.00', '55500.00', '192.00', 8, NULL),
(193, 'CASA PERRO MADERA #3', 'NO APLICA', '43000.00', '64500.00', '193.00', 8, NULL),
(194, 'CASA PERRO MADERA #4', 'NO APLICA', '60000.00', '90000.00', '194.00', 8, NULL),
(195, 'RASCADOR CAMA', 'NO APLICA', '55000.00', '90000.00', '195.00', 8, NULL),
(196, 'RASCADOR FIGURA', 'NO APLICA', '25000.00', '37500.00', '196.00', 8, NULL),
(197, 'RASCADOR GATO GRANDE', 'NO APLICA', '25000.00', '38000.00', '197.00', 8, NULL),
(198, 'RASCADOR GATO PEQUEÑO', 'NO APLICA', '20000.00', '32000.00', '198.00', 8, NULL),
(199, 'RASCADOR GRANDE', 'NO APLICA', '35000.00', '56000.00', '199.00', 8, NULL),
(200, 'RASCADOR INCLINADO GRANDE', 'NO APLICA', '35000.00', '56000.00', '200.00', 8, NULL),
(201, 'BALON FUTBOL AMERICANO', 'NO APLICA', '7500.00', '12000.00', '201.00', 9, NULL),
(202, 'BANDEJA GATO EXTRAGRANDE', 'NO APLICA', '16800.00', '27000.00', '202.00', 9, NULL),
(203, 'BANDEJA GATO PEQUEÑA', 'NO APLICA', '13200.00', '21000.00', '203.00', 9, NULL),
(204, 'BANY PEQ', 'NO APLICA', '8000.00', '12800.00', '204.00', 9, NULL),
(205, 'BASTON PERRO', 'NO APLICA', '6500.00', '10400.00', '205.00', 9, NULL),
(206, 'BASTON PERRO GRANDE', 'NO APLICA', '10300.00', '16500.00', '206.00', 9, NULL),
(207, 'BIGOTES', 'NO APLICA', '6500.00', '10500.00', '207.00', 9, NULL),
(208, 'BOCA SELFI', 'NO APLICA', '4000.00', '6500.00', '208.00', 9, NULL),
(209, 'BOLAS HAMSTER', 'NO APLICA', '10200.00', '18000.00', '209.00', 9, NULL),
(210, 'BOOMERANG', 'NO APLICA', '6500.00', '10400.00', '210.00', 9, NULL),
(211, 'CAMISETA XS', 'NO APLICA', '8500.00', '13500.00', '211.00', 9, NULL),
(212, 'CEPILLO RASCADOR LIMPIA ENCIAS', 'NO APLICA', '9200.00', '15000.00', '212.00', 9, NULL),
(213, 'CHILLONES MEDIANOS', 'NO APLICA', '2600.00', '4500.00', '213.00', 9, NULL),
(214, 'CHUPO', 'NO APLICA', '4500.00', '7500.00', '214.00', 9, NULL),
(215, 'COLLAR FLOR GRANDE', 'NO APLICA', '6000.00', '9000.00', '215.00', 9, NULL),
(216, 'COLLAR FLOR MEDIANO', 'NO APLICA', '5000.00', '8000.00', '216.00', 9, NULL),
(217, 'COLLAR FLOR PEQUEÑO', 'NO APLICA', '4000.00', '6000.00', '217.00', 9, NULL),
(218, 'COMEDERO ALUMINIO PEQUEÑO', 'NO APLICA', '9900.00', '15000.00', '218.00', 9, NULL),
(219, 'COMEDERO ANTIORMIGAS', 'NO APLICA', '4000.00', '6400.00', '219.00', 9, NULL),
(220, 'COMEDERO BALON MEDIANO', 'NO APLICA', '4000.00', '6500.00', '220.00', 9, NULL),
(221, 'COMEDERO BALON PEQUEÑO', 'NO APLICA', '3000.00', '4000.00', '221.00', 9, NULL),
(222, 'COMEDERO CUADRADO PEQUEÑO', 'NO APLICA', '3000.00', '5000.00', '222.00', 9, NULL),
(223, 'COMEDERO GATO', 'NO APLICA', '3000.00', '5000.00', '223.00', 9, NULL),
(224, 'COMEDERO GATO BICOLOR DOBLE', 'NO APLICA', '6250.00', '10000.00', '224.00', 9, NULL),
(225, 'COMEDERO HUESO GRANDE', 'NO APLICA', '6000.00', '9600.00', '225.00', 9, NULL),
(226, 'COMEDERO HUESO MEDIANO', 'NO APLICA', '4500.00', '7200.00', '226.00', 9, NULL),
(227, 'COMEDERO HUESO MINI', 'NO APLICA', '3000.00', '5000.00', '227.00', 9, NULL),
(228, 'COMEDERO HUESO PEQUEÑO', 'NO APLICA', '3600.00', '7000.00', '228.00', 9, NULL),
(229, 'COMEDERO MEDIO LENTO', 'NO APLICA', '6200.00', '10000.00', '229.00', 9, NULL),
(230, 'COMEDERO OREJAS LARGAS', 'NO APLICA', '3500.00', '5600.00', '230.00', 9, NULL),
(231, 'COMEDERO PROMOCIONAL GRANDE', 'NO APLICA', '3000.00', '5000.00', '231.00', 9, NULL),
(232, 'COMEDERO PROMOCIONAL MEDIANO', 'NO APLICA', '2600.00', '4200.00', '232.00', 9, NULL),
(233, 'COMEDERO SEMIPESADO', 'NO APLICA', '13500.00', '21600.00', '233.00', 9, NULL),
(234, 'COMEDERO TREBOL PEQUEÑO', 'NO APLICA', '3600.00', '5800.00', '234.00', 9, NULL),
(235, 'CONO MECATO GRANDE', 'NO APLICA', '9500.00', '15200.00', '235.00', 9, NULL),
(236, 'CONO MECATO PEQUEÑO', 'NO APLICA', '7000.00', '11200.00', '236.00', 9, NULL),
(237, 'CORBATIN', 'NO APLICA', '4000.00', '6400.00', '237.00', 9, NULL),
(238, 'CORTA UÑAS GRANDE', 'NO APLICA', '5500.00', '9000.00', '238.00', 9, NULL),
(239, 'CORTA UÑAS PEQ GATO', 'NO APLICA', '4500.00', '7200.00', '239.00', 9, NULL),
(240, 'DISPENSADOR BOLSA HUESITO', 'NO APLICA', '2300.00', '3700.00', '240.00', 9, NULL),
(241, 'FREESBEE', 'NO APLICA', '9500.00', '15200.00', '241.00', 9, NULL),
(242, 'GATO MAXISO', 'NO APLICA', '9000.00', '14500.00', '242.00', 9, NULL),
(243, 'HALTI', 'NO APLICA', '10000.00', '16000.00', '243.00', 9, NULL),
(244, 'HUESO DINO PEQUEÑO', 'NO APLICA', '6200.00', '10000.00', '244.00', 9, NULL),
(245, 'HUESO ESPIRAL PEQUEÑO', 'NO APLICA', '5000.00', '8000.00', '245.00', 9, NULL),
(246, 'HUESO GRANDE CON LAZO', 'NO APLICA', '12500.00', '20000.00', '246.00', 9, NULL),
(247, 'HUESO MACIZO GRANDE', 'NO APLICA', '10000.00', '16000.00', '247.00', 9, NULL),
(248, 'HUESO MACIZO PEQUEÑO', 'NO APLICA', '6500.00', '10400.00', '248.00', 9, NULL),
(249, 'HUESO NUDO GRANDE', 'NO APLICA', '9775.00', '15600.00', '249.00', 9, NULL),
(250, 'HUESO NUDO PEQUEÑO', 'NO APLICA', '3050.00', '5000.00', '250.00', 9, NULL),
(251, 'HUESO RANCANCIAS MEDIANO', 'NO APLICA', '2300.00', '3800.00', '251.00', 9, NULL),
(252, 'HUESO RASCAENCIAS GRANDE', 'NO APLICA', '5150.00', '8300.00', '252.00', 9, NULL),
(253, 'HUESO RASCAENCIAS PEQUEÑO', 'NO APLICA', '2900.00', '5000.00', '253.00', 9, NULL),
(254, 'HUESO TRENZADO GRANDE', 'NO APLICA', '8000.00', '13000.00', '254.00', 9, NULL),
(255, 'HUESO TRENZADO PEQUEÑO', 'NO APLICA', '5000.00', '8000.00', '255.00', 9, NULL),
(256, 'HUESO TRIDENTE GRANDE', 'NO APLICA', '7500.00', '12000.00', '256.00', 9, NULL),
(257, 'ISABELINO # 0', 'NO APLICA', '4100.00', '6600.00', '257.00', 9, NULL),
(258, 'ISABELINO # 1', 'NO APLICA', '4100.00', '6600.00', '258.00', 9, NULL),
(259, 'ISABELINO # 2', 'NO APLICA', '5500.00', '9000.00', '259.00', 9, NULL),
(260, 'ISABELINO # 3', 'NO APLICA', '6835.00', '11000.00', '260.00', 9, NULL),
(261, 'ISABELINO # 4', 'NO APLICA', '8200.00', '13200.00', '261.00', 9, NULL),
(262, 'ISABELINO # 5', 'NO APLICA', '10300.00', '17000.00', '262.00', 9, NULL),
(263, 'ISABELINO # 6', 'NO APLICA', '10700.00', '19000.00', '263.00', 9, NULL),
(264, 'ISABELINO # 7', 'NO APLICA', '13200.00', '21200.00', '264.00', 9, NULL),
(265, 'ISABELINO # 8', 'NO APLICA', '14600.00', '23400.00', '265.00', 9, NULL),
(266, 'ISABELINO # 9', 'NO APLICA', '16000.00', '25600.00', '266.00', 9, NULL),
(267, 'LLANTA PEQUEÑA |', 'NO APLICA', '5700.00', '9000.00', '267.00', 9, NULL),
(268, 'LLANTA PEQUEÑA LASO', 'NO APLICA', '8900.00', '14000.00', '268.00', 9, NULL),
(269, 'MUSLO PEQUEÑO', 'NO APLICA', '7200.00', '11500.00', '269.00', 9, NULL),
(270, 'PELOTA CHILLONA DIENTES', 'NO APLICA', '2200.00', '3500.00', '270.00', 9, NULL),
(271, 'PELOTA GIGANTE LAZO', 'NO APLICA', '15500.00', '25000.00', '271.00', 9, NULL),
(272, 'PELOTA HUESO GRANDE', 'NO APLICA', '8600.00', '14000.00', '272.00', 9, NULL),
(273, 'PELOTA JALADOR DOBLE', 'NO APLICA', '8000.00', '12800.00', '273.00', 9, NULL),
(274, 'PELOTA JALADOR GRUESO', 'NO APLICA', '8000.00', '13000.00', '274.00', 9, NULL),
(275, 'PELOTA MECATO PEQUEÑA', 'NO APLICA', '6500.00', '10500.00', '275.00', 9, NULL),
(276, 'PELOTA MEDIANA', 'NO APLICA', '9200.00', '15000.00', '276.00', 9, NULL),
(277, 'PELOTA MEDIANA HUELLA', 'NO APLICA', '9000.00', '14500.00', '277.00', 9, NULL),
(278, 'PELOTA MEDIANA LAZO', 'NO APLICA', '11500.00', '18400.00', '278.00', 9, NULL),
(279, 'PELOTA MINI LAZO', 'NO APLICA', '5500.00', '8800.00', '279.00', 9, NULL),
(280, 'PELOTA PEQUEÑA LAZO', 'NO APLICA', '8500.00', '12800.00', '280.00', 9, NULL),
(281, 'PELOTA SONRISA', 'NO APLICA', '8500.00', '13600.00', '281.00', 9, NULL),
(282, 'PELUCHES', 'NO APLICA', '8500.00', '13600.00', '282.00', 9, NULL),
(283, 'PESA AMERICANA GRANDE', 'NO APLICA', '9775.00', '15700.00', '283.00', 9, NULL),
(284, 'PESA AMERICANA PEQUEÑA', 'NO APLICA', '6100.00', '9800.00', '284.00', 9, NULL),
(285, 'PESA NUDO', 'NO APLICA', '5500.00', '9000.00', '285.00', 9, NULL),
(286, 'PESA NUDO GOMA', 'NO APLICA', '5500.00', '8800.00', '286.00', 9, NULL),
(287, 'PESA PEQUEÑA', 'NO APLICA', '6500.00', '10400.00', '287.00', 9, NULL),
(288, 'PESCADO RASCAENCIAS GRANDE', 'NO APLICA', '5600.00', '9000.00', '288.00', 9, NULL),
(289, 'RAMA PEQUEÑA', 'NO APLICA', '5500.00', '8800.00', '289.00', 9, NULL),
(290, 'RASCADOR CON RATON MOVIL', 'NO APLICA', '9000.00', '15000.00', '290.00', 9, NULL),
(291, 'RASCADOR GRANDE', 'NO APLICA', '4900.00', '8000.00', '291.00', 9, NULL),
(292, 'RASCADOR GRANDE', 'NO APLICA', '6000.00', '9600.00', '292.00', 9, NULL),
(293, 'RASCADOR PEQUEÑO GATO', 'NO APLICA', '2600.00', '4200.00', '293.00', 9, NULL),
(294, 'RASCADOR SENCIILLO PEQUEÑO', 'NO APLICA', '3100.00', '5000.00', '294.00', 9, NULL),
(295, 'RASQUETA MANO', 'NO APLICA', '6500.00', '10400.00', '295.00', 9, NULL),
(296, 'RATON GOMA', 'NO APLICA', '3000.00', '4800.00', '296.00', 9, NULL),
(297, 'RATON X 3', 'NO APLICA', '1733.00', '2800.00', '297.00', 9, NULL),
(298, 'SALCHICA GRANDE', 'NO APLICA', '15000.00', '23000.00', '298.00', 9, NULL),
(299, 'SALCHICA PEQUEÑA', 'NO APLICA', '9500.00', '15000.00', '299.00', 9, NULL),
(300, 'SALSA NUTRELO', 'NO APLICA', '5000.00', '7500.00', '300.00', 9, NULL),
(301, 'SUPER PELOTA', 'NO APLICA', '15000.00', '24000.00', '301.00', 9, NULL),
(302, 'TREBOL ROJO', 'NO APLICA', '10900.00', '17500.00', '303.00', 9, NULL),
(303, 'ADVOCATE GATO X 0.8 ML', 'NO APLICA', '33750.00', '42200.00', '1.00', 1, NULL),
(304, 'AQUADENT X 25O ML', 'NO APLICA', '27340.00', '34200.00', '2.00', 1, NULL),
(305, 'AVEX GOTERO', 'NO APLICA', '6320.00', '7600.00', '3.00', 1, NULL),
(306, 'BOLFO POLVO X 100', 'NO APLICA', '14670.00', '18400.00', '4.00', 1, NULL),
(307, 'BOLFO SHAMPO X 100 ML', 'NO APLICA', '9706.00', '12700.00', '5.00', 1, NULL),
(308, 'BRILLO CLEAN EXES', 'NO APLICA', '34420.00', '43000.00', '6.00', 1, NULL),
(309, 'BRILLO DENTAL CARE 60', 'NO APLICA', '19546.00', '24500.00', '7.00', 1, NULL),
(310, 'CALSYN X 120 ML', 'NO APLICA', '14980.00', '19500.00', '8.00', 1, NULL),
(311, 'CANYSAN D X 10 ML', 'NO APLICA', '12860.00', '15500.00', '9.00', 1, NULL),
(312, 'CANYSAN D X 2,5 ML', 'NO APLICA', '8080.00', '9700.00', '10.00', 1, NULL),
(313, 'CANYSAN D X 5 ML', 'NO APLICA', '9420.00', '11300.00', '11.00', 1, NULL),
(314, 'CANYSAN F 10ML', 'NO APLICA', '12040.00', '14500.00', '12.00', 1, NULL),
(315, 'CANYSAN F 5ML', 'NO APLICA', '8890.00', '11700.00', '13.00', 1, NULL),
(316, 'CANYSAN PUPPY 2.5 ML', 'NO APLICA', '5960.00', '7200.00', '14.00', 1, NULL),
(317, 'CANYSAN PUPPY 5ML', 'NO APLICA', '7240.00', '8700.00', '15.00', 1, NULL),
(318, 'CHAMPU BRILLO SOBRE', 'NO APLICA', '3650.00', '4700.00', '16.00', 1, NULL),
(319, 'CHAMPU BRILLO X 120', 'NO APLICA', '19470.00', '24400.00', '17.00', 1, NULL),
(320, 'CHAMPU BRILLO X 250', 'NO APLICA', '24790.00', '29800.00', '18.00', 1, NULL),
(321, 'CLORDEN', 'NO APLICA', '21040.00', '26500.00', '19.00', 1, NULL),
(322, 'CLORHEXIN SPRAY X 120', 'NO APLICA', '19060.00', '23800.00', '20.00', 1, NULL),
(323, 'COLIRIOZOO GOTERO', 'NO APLICA', '8090.00', '10200.00', '21.00', 1, NULL),
(324, 'DERMOSYN X 100 ML', 'NO APLICA', '24250.00', '30500.00', '22.00', 1, NULL),
(325, 'DERMOSYN X 50 ML', 'NO APLICA', '19290.00', '23000.00', '23.00', 1, NULL),
(326, 'DOG CAMPO X 5 ML', 'NO APLICA', '5410.00', '6500.00', '24.00', 1, NULL),
(327, 'EDO 5 X 120 ML', 'NO APLICA', '14000.00', '17500.00', '25.00', 1, NULL),
(328, 'FIPRO SPRAY X 50 ML', 'NO APLICA', '24330.00', '29200.00', '26.00', 1, NULL),
(329, 'FIPRO TOP SPOT X 0.5 GATO', 'NO APLICA', '10220.00', '13300.00', '27.00', 1, NULL),
(330, 'FIPRO TOP SPOT X 1.34 PERRO', 'NO APLICA', '11850.00', '14800.00', '28.00', 1, NULL),
(331, 'FIPRO TOP SPOT X 2.68 PERRO', 'NO APLICA', '14220.00', '18500.00', '29.00', 1, NULL),
(332, 'FIPRO TOP STOP 0,67 0-10 KLO', 'NO APLICA', '10910.00', '13700.00', '30.00', 1, NULL),
(333, 'FOSFYCAL PERROS X 120 ML', 'NO APLICA', '14690.00', '18400.00', '31.00', 1, NULL),
(334, 'FUNGISIN GREMA', 'NO APLICA', '11450.00', '13800.00', '32.00', 1, NULL),
(335, 'GALCOCAL 600 MG', 'NO APLICA', '3065.00', '4000.00', '33.00', 1, NULL),
(336, 'GALCOCAL X 200 MG', 'NO APLICA', '2490.00', '3200.00', '34.00', 1, NULL),
(337, 'HAPPYPEL SHAMPOO INSECTISIDA X 260 ML', 'NO APLICA', '17110.00', '22300.00', '35.00', 1, NULL),
(338, 'INMUNAIR GOTERO', 'NO APLICA', '12720.00', '15300.00', '36.00', 1, NULL),
(339, 'IXER 080 X 120 ML', 'NO APLICA', '12890.00', '16200.00', '37.00', 1, NULL),
(340, 'JABOM POMPAS', 'NO APLICA', '6330.00', '8000.00', '38.00', 1, NULL),
(341, 'JABON ASUNTOL 100 GM', 'NO APLICA', '7880.00', '9800.00', '39.00', 1, NULL),
(342, 'JABON ASUNTOL SABILA 100 GM', 'NO APLICA', '8360.00', '10000.00', '40.00', 1, NULL),
(343, 'JABON CLORHEXIN', 'NO APLICA', '13340.00', '16000.00', '41.00', 1, NULL),
(344, 'JABON DERMAVET', 'NO APLICA', '5970.00', '7200.00', '42.00', 1, NULL),
(345, 'JABON VETRIDERM', 'NO APLICA', '14780.00', '19000.00', '43.00', 1, NULL),
(346, 'JABON ZOO INSECTICIDA X 100', 'NO APLICA', '4960.00', '6200.00', '44.00', 1, NULL),
(347, 'KIROTIL GOTERO', 'NO APLICA', '5520.00', '7200.00', '45.00', 1, NULL),
(348, 'LINDOPEL', 'NO APLICA', '24286.00', '31600.00', '46.00', 1, NULL),
(349, 'MELODOL', 'NO APLICA', '8550.00', '10700.00', '47.00', 1, NULL),
(350, 'MELOXIC ORAL MIEL', 'NO APLICA', '10900.00', '13100.00', '48.00', 1, NULL),
(351, 'MELOXICAN ORAL', 'NO APLICA', '9400.00', '11700.00', '49.00', 1, NULL),
(352, 'MILPRO 16 MG A 4 MG', 'NO APLICA', '10080.00', '13100.00', '50.00', 1, NULL),
(353, 'MILPRO 4 MG A 10 MG', 'NO APLICA', '6990.00', '9000.00', '51.00', 1, NULL),
(354, 'NEXGARD 2-4 KG', 'NO APLICA', '28080.00', '35000.00', '52.00', 1, NULL),
(355, 'NEXGARD 25-50 KLO', 'NO APLICA', '39310.00', '49000.00', '53.00', 1, NULL),
(356, 'NEXGARD 4.1-10 KG', 'NO APLICA', '28930.00', '36200.00', '54.00', 1, NULL),
(357, 'NEXGART 10.1-25 KG', 'NO APLICA', '34120.00', '41000.00', '55.00', 1, NULL),
(358, 'NOVACAN CACHORROS X 2.5 ML', 'NO APLICA', '3665.00', '4800.00', '56.00', 1, NULL),
(359, 'NOVACAN CACHORROS X 5 ML', 'NO APLICA', '4000.00', '5200.00', '57.00', 1, NULL),
(360, 'NOVACAN T X 10 ML', 'NO APLICA', '7030.00', '9200.00', '58.00', 1, NULL),
(361, 'NOVACAN T X 2.5ML', 'NO APLICA', '4685.00', '6100.00', '59.00', 1, NULL),
(362, 'NOVACAN T X 5ML', 'NO APLICA', '5165.00', '6700.00', '60.00', 1, NULL),
(363, 'PIPICAN', 'NO APLICA', '11403.00', '16000.00', '61.00', 1, NULL),
(364, 'PRIMEC GOTERO', 'NO APLICA', '13830.00', '16600.00', '62.00', 1, NULL),
(365, 'PROMOCALIER GOTERO 20 ML', 'NO APLICA', '7930.00', '9500.00', '63.00', 1, NULL),
(366, 'RONDEL X 2 ML', 'NO APLICA', '5570.00', '7200.00', '64.00', 1, NULL),
(367, 'RONDEL PUPPY X 2 ML', 'NO APLICA', '6230.00', '7500.00', '65.00', 1, NULL),
(368, 'RONDEL PUPPY X 5 ML', 'NO APLICA', '6990.00', '8400.00', '66.00', 1, NULL),
(369, 'RONDEL X 10 ML', 'NO APLICA', '10490.00', '12600.00', '67.00', 1, NULL),
(370, 'RONDEL X 5 ML', 'NO APLICA', '7920.00', '9600.00', '68.00', 1, NULL),
(371, 'SHAMPO CLORHEXIN *240', 'NO APLICA', '21610.00', '27000.00', '69.00', 1, NULL),
(372, 'SHAMPO KERACLEAN', 'NO APLICA', '26140.00', '31400.00', '70.00', 1, NULL),
(373, 'SHAMPO PUPPY VICAR', 'NO APLICA', '23100.00', '28800.00', '71.00', 1, NULL),
(374, 'SINPULGAR 205,9 ML RP', 'NO APLICA', '5455.00', '6600.00', '72.00', 1, NULL),
(375, 'SINPULGAR 409,8 ML RG', 'NO APLICA', '6830.00', '8200.00', '73.00', 1, NULL),
(376, 'HEMAVET B-12 ORAL X 100 ML', 'NO APLICA', '13870.00', '17800.00', '74.00', 1, NULL),
(377, 'ARENA MIRRINGO X 5 KLO', 'NO APLICA', '15618.00', '19600.00', '75.00', 24, NULL),
(378, 'MIRRINGO GATITOS X KLO', 'NO APLICA', '5775.00', '7000.00', '76.00', 24, NULL),
(379, 'MIRRINGO GATITOS X LIBRA', 'NO APLICA', '3114.00', '3800.00', '77.00', 24, NULL),
(380, 'MIRRINGO X 8 KLO', 'NO APLICA', '35471.00', '43000.00', '78.00', 24, NULL),
(381, 'MIRRINGO X KLO', 'NO APLICA', '4733.00', '6000.00', '79.00', 24, NULL),
(382, 'MIRRINGO X LIBRA', 'NO APLICA', '2599.00', '3200.00', '80.00', 24, NULL),
(383, 'NUTRIS CACHORROS X 2 KLO', 'NO APLICA', '6709.00', '8400.00', '81.00', 24, NULL),
(384, 'NUTRIS CARNE Y VEGE X 2 KLO', 'NO APLICA', '7245.00', '8700.00', '82.00', 24, NULL),
(385, 'NUTRIS POLLO Y VEGE X 2 KLO', 'NO APLICA', '6370.00', '7600.00', '83.00', 24, NULL),
(386, 'RINGO CACHORROS X 1 KLO', 'NO APLICA', '3087.00', '3900.00', '84.00', 24, NULL),
(387, 'RINGO CACHORROS X 2 KLO', 'NO APLICA', '5853.00', '7600.00', '85.00', 24, NULL),
(388, 'RINGO CROQUETAS X 1 KLO', 'NO APLICA', '2513.00', '3200.00', '86.00', 24, NULL),
(389, 'RINGO CROQUETAS X 2 KLO', 'NO APLICA', '4828.00', '6000.00', '87.00', 24, NULL),
(390, 'RINGO PREMIUN X 1 KLO', 'NO APLICA', '3252.00', '3900.00', '88.00', 24, NULL),
(391, 'RINGO PREMIUN X 2 KLO', 'NO APLICA', '6314.00', '7600.00', '89.00', 24, NULL),
(392, 'ARENA BIOKITTY X 5.1 KLOS', 'NO APLICA', '13450.00', '21600.00', '90.00', 2, NULL),
(393, 'ARENA LAVANDA X 4 KL', 'NO APLICA', '10100.00', '16200.00', '91.00', 2, NULL),
(394, 'AZUL DE METILENO', 'NO APLICA', '1100.00', '2000.00', '92.00', 2, NULL),
(395, 'BANDEJA GATO HYDRA', 'NO APLICA', '10150.00', '16500.00', '93.00', 2, NULL),
(396, 'BETERA AP270CU01064', 'NO APLICA', '15350.00', '25000.00', '94.00', 2, NULL),
(397, 'BETERERAS PARA PECES', 'NO APLICA', '6100.00', '10500.00', '95.00', 2, NULL),
(398, 'BOLA HANSTER', 'NO APLICA', '14600.00', '24000.00', '96.00', 2, NULL),
(399, 'CASA HAMSTER', 'NO APLICA', '5500.00', '9000.00', '97.00', 2, NULL),
(400, 'CERAMICA MINI PECERA', 'NO APLICA', '550.00', '1000.00', '98.00', 2, NULL),
(401, 'CERAMICA PECERA MEDIANA', 'NO APLICA', '950.00', '1600.00', '99.00', 2, NULL),
(402, 'CERAMICA PECERA PEQUEÑA', 'NO APLICA', '740.00', '1200.00', '100.00', 2, NULL),
(403, 'JAULA AVE 102101039', 'NO APLICA', '21500.00', '40000.00', '101.00', 2, NULL),
(404, 'JAULA AVE 103 LO1006', 'NO APLICA', '21500.00', '40000.00', '102.00', 2, NULL),
(405, 'JAULA AVE 304 LO1040', 'NO APLICA', '29200.00', '47000.00', '103.00', 2, NULL),
(406, 'JAULA HAMSTER LO1041', 'NO APLICA', '29200.00', '47000.00', '104.00', 2, NULL),
(407, 'JAULA HAMSTER LO1042', 'NO APLICA', '54500.00', '87500.00', '105.00', 2, NULL),
(408, 'JAULA HAMSTER W02001', 'NO APLICA', '54500.00', '88000.00', '106.00', 2, NULL),
(409, 'JAULA PARA HAMSTER 951BL01003', 'NO APLICA', '54000.00', '92000.00', '107.00', 2, NULL),
(410, 'JAULAS HASTER W02003', 'NO APLICA', '31000.00', '47000.00', '108.00', 2, NULL),
(411, 'JAULAS HASTER W02027', 'NO APLICA', '29500.00', '45000.00', '109.00', 2, NULL),
(412, 'JAULAS HASTER W02030', 'NO APLICA', '34500.00', '52000.00', '110.00', 2, NULL),
(413, 'PALA GATO', 'NO APLICA', '3450.00', '5500.00', '111.00', 2, NULL),
(414, 'PALA GATO', 'NO APLICA', '3750.00', '6000.00', '112.00', 2, NULL),
(415, 'PALA R03050', 'NO APLICA', '1900.00', '3000.00', '113.00', 2, NULL),
(416, 'PELOTA GATO COLORES', 'NO APLICA', '1575.00', '2600.00', '114.00', 2, NULL),
(417, 'PELOTA GATO SONAJERO', 'NO APLICA', '975.00', '1600.00', '115.00', 2, NULL),
(418, 'PELOTA PUNTOS', 'NO APLICA', '3500.00', '5600.00', '116.00', 2, NULL),
(419, 'PIEDRA PARA PECERA', 'NO APLICA', '500.00', '1000.00', '117.00', 2, NULL),
(420, 'PLANTA 10 CM XUNIDAD', 'NO APLICA', '1350.00', '2200.00', '118.00', 2, NULL),
(421, 'PLANTA MEDIANA ACUARIO', 'NO APLICA', '2100.00', '3300.00', '119.00', 2, NULL),
(422, 'PLANTA PEQUEÑA ACUARIO PRO1902', 'NO APLICA', '600.00', '1000.00', '120.00', 2, NULL),
(423, 'RODILLO GATO SONAJERO', 'NO APLICA', '975.00', '1800.00', '121.00', 2, NULL),
(424, 'TRANSPOSTADOR HUACAL', 'NO APLICA', '20500.00', '33000.00', '122.00', 2, NULL),
(425, 'ADORE SNACKS GATOS', 'NO APLICA', '4736.00', '6200.00', '123.00', 3, NULL),
(426, 'ALIMENTO HAMSTER X 500 G', 'NO APLICA', '2399.00', '3200.00', '124.00', 3, NULL),
(427, 'ALIMENTO LOROS CACATUAS X 500 GR', 'NO APLICA', '2588.00', '3300.00', '125.00', 3, NULL),
(428, 'AVENA X 500', 'NO APLICA', '2398.00', '3200.00', '126.00', 3, NULL),
(429, 'BOLSA REPUESTO', 'NO APLICA', '1310.00', '2000.00', '127.00', 3, NULL),
(430, 'CACAHUATE X 250 G', 'NO APLICA', '2450.00', '3100.00', '128.00', 3, NULL),
(431, 'CAT CHOW CARNE REEMPACADO ACTIVO', 'NO APLICA', '4362.00', '5500.00', '129.00', 3, NULL),
(432, 'CAT CHOW DELIMIX REMPACADO', 'NO APLICA', '5127.00', '7000.00', '130.00', 3, NULL),
(433, 'CAT CHOW GATITOS REMPACADO', 'NO APLICA', '5262.00', '6900.00', '131.00', 3, NULL),
(434, 'CAT CHOW POUCHE', 'NO APLICA', '2602.00', '3300.00', '132.00', 3, NULL),
(435, 'CAT CHOW VIDA SANA X 450 GR', 'NO APLICA', '9294.00', '11600.00', '133.00', 3, NULL),
(436, 'CONEJINA X 1 KLO', 'NO APLICA', '2126.00', '2700.00', '134.00', 3, NULL),
(437, 'DOG CHOW ABRAZOS JUNIOR', 'NO APLICA', '7848.00', '10700.00', '135.00', 3, NULL),
(438, 'DOG CHOW ABRAZOS MAXI', 'NO APLICA', '10803.00', '14200.00', '136.00', 3, NULL),
(439, 'DOG CHOW ABRAZOS MINI', 'NO APLICA', '10903.00', '14200.00', '137.00', 3, NULL),
(440, 'DOG CHOW AD M Y G X 475 G', 'NO APLICA', '3814.00', '4800.00', '138.00', 3, NULL),
(441, 'DOG CHOW AD RP X 475G', 'NO APLICA', '4023.00', '4900.00', '139.00', 3, NULL),
(442, 'DOG CHOW CACH RP X 475 GR', 'NO APLICA', '4023.00', '4900.00', '140.00', 3, NULL),
(443, 'DOG CHOW CACHORRO X 500 REEMPAQUE', 'NO APLICA', '3774.00', '4700.00', '141.00', 3, NULL),
(444, 'DOG CHOW LATAS CORDERO Y ARROZ', 'NO APLICA', '6151.00', '7700.00', '142.00', 3, NULL),
(445, 'DOG CHOW POUCHES', 'NO APLICA', '2394.00', '3000.00', '143.00', 3, NULL),
(446, 'EXCELLENT ADULTO X 1 KLO', 'NO APLICA', '20528.00', '25700.00', '144.00', 3, NULL),
(447, 'EXCELLENT KITTEN X 1 KLO', 'NO APLICA', '21462.00', '26900.00', '145.00', 3, NULL),
(448, 'FANCY FEAST', 'NO APLICA', '2904.00', '3800.00', '146.00', 3, NULL),
(449, 'FELIX DRY TRIPLE X 500', 'NO APLICA', '6198.00', '7800.00', '147.00', 3, NULL),
(450, 'FELIX LATA', 'NO APLICA', '4152.00', '5200.00', '148.00', 3, NULL),
(451, 'FELIX POUCHES', 'NO APLICA', '2409.00', '3000.00', '149.00', 3, NULL),
(452, 'GALLETA RELLENA GATO', 'NO APLICA', '3778.00', '5300.00', '150.00', 3, NULL),
(453, 'GATSY CARNE Y PESCADOX 500', 'NO APLICA', '2675.00', '3300.00', '151.00', 3, NULL),
(454, 'GIRASOL X 200 G', 'NO APLICA', '1176.00', '1600.00', '152.00', 3, NULL),
(455, 'GIRASOL X 500', 'NO APLICA', '2941.00', '4000.00', '153.00', 3, NULL),
(456, 'HUESO CALAMBOMBO MEDIO', 'NO APLICA', '4018.00', '6100.00', '154.00', 3, NULL),
(457, 'LADRINA ADULTO X 1 KLO', 'NO APLICA', '4736.00', '5900.00', '155.00', 3, NULL),
(458, 'LADRINA CACHORROS X 1 KLO', 'NO APLICA', '5029.00', '6300.00', '156.00', 3, NULL),
(459, 'LINAZA EN PEPA', 'NO APLICA', '1556.00', '2400.00', '157.00', 3, NULL),
(460, 'ORNAMENTALES ECONO X 500GR', 'NO APLICA', '2219.00', '2900.00', '158.00', 3, NULL),
(461, 'PATICA CERDO', 'NO APLICA', '3496.00', '5500.00', '159.00', 3, NULL),
(462, 'PETYS POTE PROMO', 'NO APLICA', '11890.00', '19500.00', '160.00', 3, NULL),
(463, 'PETYS RISTA X 4', 'NO APLICA', '1725.00', '2600.00', '161.00', 3, NULL),
(464, 'PETYS X 50', 'NO APLICA', '6935.00', '10500.00', '162.00', 3, NULL),
(465, 'PETYS X 80', 'NO APLICA', '8290.00', '12500.00', '163.00', 3, NULL),
(466, 'TAPETES LOPETS', 'NO APLICA', '804.00', '1300.00', '164.00', 3, NULL),
(467, 'TAPETES PETYS INDIVIDUAL', 'NO APLICA', '1949.00', '2900.00', '165.00', 3, NULL),
(468, 'TOCINETA SNACK X 170', 'NO APLICA', '8270.00', '10800.00', '166.00', 3, NULL),
(469, 'DOG GOURMET CARNE A LA PARRILLA X 1 KLO', 'NO APLICA', '7361.00', '9200.00', '167.00', 4, NULL),
(470, 'DOG GOURMET POLLO A LA BRASA', 'NO APLICA', '7010.00', '9200.00', '168.00', 4, NULL),
(471, 'DOGOURMET CACHORRO X 1 KLO', 'NO APLICA', '7775.00', '9200.00', '169.00', 4, NULL),
(472, 'DOGOURMET PARRILLA MIXTA X 1 KLO', 'NO APLICA', '7361.00', '9200.00', '170.00', 4, NULL),
(473, 'OHMAIGAT CASEROS X 500 GR', 'NO APLICA', '6618.00', '8300.00', '171.00', 4, NULL),
(474, 'OHMAIGAT INQUIETOS X 500 GR', 'NO APLICA', '6618.00', '8300.00', '172.00', 4, NULL),
(475, 'OHMAIGAT JUGUETONES X 500 GR', 'NO APLICA', '6288.00', '7900.00', '173.00', 4, NULL),
(476, 'OHMAIGAT SEDENTARIOSX 500 GR', 'NO APLICA', '6288.00', '7900.00', '174.00', 4, NULL),
(477, 'BAÑO SECO GATO', 'NO APLICA', '14484.00', '18200.00', '175.00', 5, NULL),
(478, 'ESENCIA ANTIESTRES', 'NO APLICA', '18707.00', '23500.00', '176.00', 5, NULL),
(479, 'ESENCIA AQUÍ SI CAN- AQUÍNOCAN', 'NO APLICA', '15840.00', '19500.00', '177.00', 5, NULL),
(480, 'PERFUME PARA HEMBRA- MACHO', 'NO APLICA', '10298.00', '13500.00', '178.00', 5, NULL),
(481, 'ESENCIA MIEDO X 2,5 ML', 'NO APLICA', '12976.00', '17000.00', '179.00', 5, NULL),
(482, 'BEBEDERO CONEJO', 'NO APLICA', '7500.00', '11200.00', '180.00', 6, NULL),
(483, 'CARGADOR MORRAL PEQUEÑO', 'NO APLICA', '40000.00', '60000.00', '181.00', 6, NULL),
(484, 'PAQUETE PELOTA TENIS X 3', 'NO APLICA', '2166.00', '3300.00', '182.00', 6, NULL),
(485, 'ARENA PETYS X 4,5 KLO', 'NO APLICA', '14888.00', '19400.00', '183.00', 7, NULL),
(486, 'PETYS ANTIBACTERIAL 40 UN', 'NO APLICA', '5200.00', '7000.00', '184.00', 7, NULL),
(487, 'CAMA # 1', 'NO APLICA', '17000.00', '30000.00', '185.00', 8, NULL),
(488, 'CAMA #2', 'NO APLICA', '25000.00', '40000.00', '186.00', 8, NULL),
(489, 'CAMA #3', 'NO APLICA', '28000.00', '45000.00', '187.00', 8, NULL),
(490, 'CAMA #4', 'NO APLICA', '40000.00', '64000.00', '188.00', 8, NULL),
(491, 'CAMA IGLOO #1', 'NO APLICA', '28000.00', '43000.00', '189.00', 8, NULL),
(492, 'CAMA IGLOO #2', 'NO APLICA', '32000.00', '49000.00', '190.00', 8, NULL),
(493, 'CASA PERRO MADERA #1', 'NO APLICA', '30000.00', '45000.00', '191.00', 8, NULL),
(494, 'CASA PERRO MADERA #2', 'NO APLICA', '37000.00', '55500.00', '192.00', 8, NULL),
(495, 'CASA PERRO MADERA #3', 'NO APLICA', '43000.00', '64500.00', '193.00', 8, NULL),
(496, 'CASA PERRO MADERA #4', 'NO APLICA', '60000.00', '90000.00', '194.00', 8, NULL),
(497, 'RASCADOR CAMA', 'NO APLICA', '55000.00', '90000.00', '195.00', 8, NULL),
(498, 'RASCADOR FIGURA', 'NO APLICA', '25000.00', '37500.00', '196.00', 8, NULL),
(499, 'RASCADOR GATO GRANDE', 'NO APLICA', '25000.00', '38000.00', '197.00', 8, NULL),
(500, 'RASCADOR GATO PEQUEÑO', 'NO APLICA', '20000.00', '32000.00', '198.00', 8, NULL),
(501, 'RASCADOR GRANDE', 'NO APLICA', '35000.00', '56000.00', '199.00', 8, NULL),
(502, 'RASCADOR INCLINADO GRANDE', 'NO APLICA', '35000.00', '56000.00', '200.00', 8, NULL),
(503, 'BALON FUTBOL AMERICANO', 'NO APLICA', '7500.00', '12000.00', '201.00', 9, NULL),
(504, 'BANDEJA GATO EXTRAGRANDE', 'NO APLICA', '16800.00', '27000.00', '202.00', 9, NULL),
(505, 'BANDEJA GATO PEQUEÑA', 'NO APLICA', '13200.00', '21000.00', '203.00', 9, NULL),
(506, 'BANY PEQ', 'NO APLICA', '8000.00', '12800.00', '204.00', 9, NULL),
(507, 'BASTON PERRO', 'NO APLICA', '6500.00', '10400.00', '205.00', 9, NULL),
(508, 'BASTON PERRO GRANDE', 'NO APLICA', '10300.00', '16500.00', '206.00', 9, NULL),
(509, 'BIGOTES', 'NO APLICA', '6500.00', '10500.00', '207.00', 9, NULL),
(510, 'BOCA SELFI', 'NO APLICA', '4000.00', '6500.00', '208.00', 9, NULL),
(511, 'BOLAS HAMSTER', 'NO APLICA', '10200.00', '18000.00', '209.00', 9, NULL),
(512, 'BOOMERANG', 'NO APLICA', '6500.00', '10400.00', '210.00', 9, NULL),
(513, 'CAMISETA XS', 'NO APLICA', '8500.00', '13500.00', '211.00', 9, NULL),
(514, 'CEPILLO RASCADOR LIMPIA ENCIAS', 'NO APLICA', '9200.00', '15000.00', '212.00', 9, NULL),
(515, 'CHILLONES MEDIANOS', 'NO APLICA', '2600.00', '4500.00', '213.00', 9, NULL),
(516, 'CHUPO', 'NO APLICA', '4500.00', '7500.00', '214.00', 9, NULL),
(517, 'COLLAR FLOR GRANDE', 'NO APLICA', '6000.00', '9000.00', '215.00', 9, NULL),
(518, 'COLLAR FLOR MEDIANO', 'NO APLICA', '5000.00', '8000.00', '216.00', 9, NULL),
(519, 'COLLAR FLOR PEQUEÑO', 'NO APLICA', '4000.00', '6000.00', '217.00', 9, NULL),
(520, 'COMEDERO ALUMINIO PEQUEÑO', 'NO APLICA', '9900.00', '15000.00', '218.00', 9, NULL),
(521, 'COMEDERO ANTIORMIGAS', 'NO APLICA', '4000.00', '6400.00', '219.00', 9, NULL),
(522, 'COMEDERO BALON MEDIANO', 'NO APLICA', '4000.00', '6500.00', '220.00', 9, NULL),
(523, 'COMEDERO BALON PEQUEÑO', 'NO APLICA', '3000.00', '4000.00', '221.00', 9, NULL),
(524, 'COMEDERO CUADRADO PEQUEÑO', 'NO APLICA', '3000.00', '5000.00', '222.00', 9, NULL),
(525, 'COMEDERO GATO', 'NO APLICA', '3000.00', '5000.00', '223.00', 9, NULL),
(526, 'COMEDERO GATO BICOLOR DOBLE', 'NO APLICA', '6250.00', '10000.00', '224.00', 9, NULL),
(527, 'COMEDERO HUESO GRANDE', 'NO APLICA', '6000.00', '9600.00', '225.00', 9, NULL),
(528, 'COMEDERO HUESO MEDIANO', 'NO APLICA', '4500.00', '7200.00', '226.00', 9, NULL),
(529, 'COMEDERO HUESO MINI', 'NO APLICA', '3000.00', '5000.00', '227.00', 9, NULL),
(530, 'COMEDERO HUESO PEQUEÑO', 'NO APLICA', '3600.00', '7000.00', '228.00', 9, NULL),
(531, 'COMEDERO MEDIO LENTO', 'NO APLICA', '6200.00', '10000.00', '229.00', 9, NULL),
(532, 'COMEDERO OREJAS LARGAS', 'NO APLICA', '3500.00', '5600.00', '230.00', 9, NULL),
(533, 'COMEDERO PROMOCIONAL GRANDE', 'NO APLICA', '3000.00', '5000.00', '231.00', 9, NULL),
(534, 'COMEDERO PROMOCIONAL MEDIANO', 'NO APLICA', '2600.00', '4200.00', '232.00', 9, NULL),
(535, 'COMEDERO SEMIPESADO', 'NO APLICA', '13500.00', '21600.00', '233.00', 9, NULL),
(536, 'COMEDERO TREBOL PEQUEÑO', 'NO APLICA', '3600.00', '5800.00', '234.00', 9, NULL),
(537, 'CONO MECATO GRANDE', 'NO APLICA', '9500.00', '15200.00', '235.00', 9, NULL),
(538, 'CONO MECATO PEQUEÑO', 'NO APLICA', '7000.00', '11200.00', '236.00', 9, NULL),
(539, 'CORBATIN', 'NO APLICA', '4000.00', '6400.00', '237.00', 9, NULL),
(540, 'CORTA UÑAS GRANDE', 'NO APLICA', '5500.00', '9000.00', '238.00', 9, NULL),
(541, 'CORTA UÑAS PEQ GATO', 'NO APLICA', '4500.00', '7200.00', '239.00', 9, NULL),
(542, 'DISPENSADOR BOLSA HUESITO', 'NO APLICA', '2300.00', '3700.00', '240.00', 9, NULL),
(543, 'FREESBEE', 'NO APLICA', '9500.00', '15200.00', '241.00', 9, NULL),
(544, 'GATO MAXISO', 'NO APLICA', '9000.00', '14500.00', '242.00', 9, NULL),
(545, 'HALTI', 'NO APLICA', '10000.00', '16000.00', '243.00', 9, NULL),
(546, 'HUESO DINO PEQUEÑO', 'NO APLICA', '6200.00', '10000.00', '244.00', 9, NULL),
(547, 'HUESO ESPIRAL PEQUEÑO', 'NO APLICA', '5000.00', '8000.00', '245.00', 9, NULL),
(548, 'HUESO GRANDE CON LAZO', 'NO APLICA', '12500.00', '20000.00', '246.00', 9, NULL),
(549, 'HUESO MACIZO GRANDE', 'NO APLICA', '10000.00', '16000.00', '247.00', 9, NULL),
(550, 'HUESO MACIZO PEQUEÑO', 'NO APLICA', '6500.00', '10400.00', '248.00', 9, NULL),
(551, 'HUESO NUDO GRANDE', 'NO APLICA', '9775.00', '15600.00', '249.00', 9, NULL),
(552, 'HUESO NUDO PEQUEÑO', 'NO APLICA', '3050.00', '5000.00', '250.00', 9, NULL),
(553, 'HUESO RANCANCIAS MEDIANO', 'NO APLICA', '2300.00', '3800.00', '251.00', 9, NULL),
(554, 'HUESO RASCAENCIAS GRANDE', 'NO APLICA', '5150.00', '8300.00', '252.00', 9, NULL),
(555, 'HUESO RASCAENCIAS PEQUEÑO', 'NO APLICA', '2900.00', '5000.00', '253.00', 9, NULL),
(556, 'HUESO TRENZADO GRANDE', 'NO APLICA', '8000.00', '13000.00', '254.00', 9, NULL),
(557, 'HUESO TRENZADO PEQUEÑO', 'NO APLICA', '5000.00', '8000.00', '255.00', 9, NULL),
(558, 'HUESO TRIDENTE GRANDE', 'NO APLICA', '7500.00', '12000.00', '256.00', 9, NULL),
(559, 'ISABELINO # 0', 'NO APLICA', '4100.00', '6600.00', '257.00', 9, NULL),
(560, 'ISABELINO # 1', 'NO APLICA', '4100.00', '6600.00', '258.00', 9, NULL),
(561, 'ISABELINO # 2', 'NO APLICA', '5500.00', '9000.00', '259.00', 9, NULL),
(562, 'ISABELINO # 3', 'NO APLICA', '6835.00', '11000.00', '260.00', 9, NULL),
(563, 'ISABELINO # 4', 'NO APLICA', '8200.00', '13200.00', '261.00', 9, NULL),
(564, 'ISABELINO # 5', 'NO APLICA', '10300.00', '17000.00', '262.00', 9, NULL),
(565, 'ISABELINO # 6', 'NO APLICA', '10700.00', '19000.00', '263.00', 9, NULL),
(566, 'ISABELINO # 7', 'NO APLICA', '13200.00', '21200.00', '264.00', 9, NULL),
(567, 'ISABELINO # 8', 'NO APLICA', '14600.00', '23400.00', '265.00', 9, NULL),
(568, 'ISABELINO # 9', 'NO APLICA', '16000.00', '25600.00', '266.00', 9, NULL),
(569, 'LLANTA PEQUEÑA |', 'NO APLICA', '5700.00', '9000.00', '267.00', 9, NULL),
(570, 'LLANTA PEQUEÑA LASO', 'NO APLICA', '8900.00', '14000.00', '268.00', 9, NULL),
(571, 'MUSLO PEQUEÑO', 'NO APLICA', '7200.00', '11500.00', '269.00', 9, NULL),
(572, 'PELOTA CHILLONA DIENTES', 'NO APLICA', '2200.00', '3500.00', '270.00', 9, NULL),
(573, 'PELOTA GIGANTE LAZO', 'NO APLICA', '15500.00', '25000.00', '271.00', 9, NULL),
(574, 'PELOTA HUESO GRANDE', 'NO APLICA', '8600.00', '14000.00', '272.00', 9, NULL),
(575, 'PELOTA JALADOR DOBLE', 'NO APLICA', '8000.00', '12800.00', '273.00', 9, NULL),
(576, 'PELOTA JALADOR GRUESO', 'NO APLICA', '8000.00', '13000.00', '274.00', 9, NULL),
(577, 'PELOTA MECATO PEQUEÑA', 'NO APLICA', '6500.00', '10500.00', '275.00', 9, NULL),
(578, 'PELOTA MEDIANA', 'NO APLICA', '9200.00', '15000.00', '276.00', 9, NULL),
(579, 'PELOTA MEDIANA HUELLA', 'NO APLICA', '9000.00', '14500.00', '277.00', 9, NULL),
(580, 'PELOTA MEDIANA LAZO', 'NO APLICA', '11500.00', '18400.00', '278.00', 9, NULL),
(581, 'PELOTA MINI LAZO', 'NO APLICA', '5500.00', '8800.00', '279.00', 9, NULL),
(582, 'PELOTA PEQUEÑA LAZO', 'NO APLICA', '8500.00', '12800.00', '280.00', 9, NULL),
(583, 'PELOTA SONRISA', 'NO APLICA', '8500.00', '13600.00', '281.00', 9, NULL),
(584, 'PELUCHES', 'NO APLICA', '8500.00', '13600.00', '282.00', 9, NULL),
(585, 'PESA AMERICANA GRANDE', 'NO APLICA', '9775.00', '15700.00', '283.00', 9, NULL),
(586, 'PESA AMERICANA PEQUEÑA', 'NO APLICA', '6100.00', '9800.00', '284.00', 9, NULL),
(587, 'PESA NUDO', 'NO APLICA', '5500.00', '9000.00', '285.00', 9, NULL),
(588, 'PESA NUDO GOMA', 'NO APLICA', '5500.00', '8800.00', '286.00', 9, NULL),
(589, 'PESA PEQUEÑA', 'NO APLICA', '6500.00', '10400.00', '287.00', 9, NULL),
(590, 'PESCADO RASCAENCIAS GRANDE', 'NO APLICA', '5600.00', '9000.00', '288.00', 9, NULL),
(591, 'RAMA PEQUEÑA', 'NO APLICA', '5500.00', '8800.00', '289.00', 9, NULL),
(592, 'RASCADOR CON RATON MOVIL', 'NO APLICA', '9000.00', '15000.00', '290.00', 9, NULL),
(593, 'RASCADOR GRANDE', 'NO APLICA', '4900.00', '8000.00', '291.00', 9, NULL),
(594, 'RASCADOR GRANDE', 'NO APLICA', '6000.00', '9600.00', '292.00', 9, NULL),
(595, 'RASCADOR PEQUEÑO GATO', 'NO APLICA', '2600.00', '4200.00', '293.00', 9, NULL),
(596, 'RASCADOR SENCIILLO PEQUEÑO', 'NO APLICA', '3100.00', '5000.00', '294.00', 9, NULL),
(597, 'RASQUETA MANO', 'NO APLICA', '6500.00', '10400.00', '295.00', 9, NULL),
(598, 'RATON GOMA', 'NO APLICA', '3000.00', '4800.00', '296.00', 9, NULL),
(599, 'RATON X 3', 'NO APLICA', '1733.00', '2800.00', '297.00', 9, NULL),
(600, 'SALCHICA GRANDE', 'NO APLICA', '15000.00', '23000.00', '298.00', 9, NULL),
(601, 'SALCHICA PEQUEÑA', 'NO APLICA', '9500.00', '15000.00', '299.00', 9, NULL),
(602, 'SALSA NUTRELO', 'NO APLICA', '5000.00', '7500.00', '300.00', 9, NULL),
(603, 'SUPER PELOTA', 'NO APLICA', '15000.00', '24000.00', '301.00', 9, NULL),
(604, 'TAPETE HUELLA GRANDE', 'NO APLICA', '0.00', '15000.00', '302.00', 9, NULL),
(605, 'TREBOL ROJO', 'NO APLICA', '10900.00', '17500.00', '303.00', 9, NULL),
(606, 'TRIANGULO GATO', 'NO APLICA', '13500.00', '22000.00', '304.00', 9, NULL),
(607, 'TRONCO PEQUEÑO', 'NO APLICA', '8000.00', '12800.00', '305.00', 9, NULL),
(608, 'VARA CSA 4277', 'NO APLICA', '3600.00', '5800.00', '306.00', 9, NULL);
INSERT INTO `productos` (`id`, `producto`, `descripcion`, `precio_costo`, `precio_venta`, `existencia`, `proveedorId`, `fecha`) VALUES
(609, 'VARA GATO', 'NO APLICA', '3800.00', '8000.00', '307.00', 9, NULL),
(610, 'VARA GRANDE GATO', 'NO APLICA', '4200.00', '6800.00', '308.00', 9, NULL),
(611, 'VARA INSECTO', 'NO APLICA', '4500.00', '7200.00', '309.00', 9, NULL),
(612, 'VARA LANA', 'NO APLICA', '3200.00', '5200.00', '310.00', 9, NULL),
(613, 'VARA PELOTA', 'NO APLICA', '3200.00', '5200.00', '311.00', 9, NULL),
(614, 'VARA PLUMAS', 'NO APLICA', '3500.00', '5500.00', '312.00', 9, NULL),
(615, 'VARA RATON', 'NO APLICA', '3600.00', '5800.00', '313.00', 9, NULL),
(616, 'VARA RATON MADERA', 'NO APLICA', '4500.00', '6500.00', '314.00', 9, NULL),
(617, 'VARA SONAJERO', 'NO APLICA', '3500.00', '5600.00', '315.00', 9, NULL),
(618, 'AGILITY GOL GATITOS X 500 GR', 'NO APLICA', '9562.00', '12000.00', '316.00', 10, NULL),
(619, 'AGILITY GOLD PEQUEÑOS ADULTOS PIEL X 1,5', 'NO APLICA', '22410.00', '29500.00', '317.00', 10, NULL),
(620, 'AGILITY GOL GATITOS X 1,5', 'NO APLICA', '25879.00', '32400.00', '318.00', 10, NULL),
(621, 'AGILITY GOL PEQUEÑOS ADULTOS X 3 KLO', 'NO APLICA', '43164.00', '57000.00', '319.00', 10, NULL),
(622, 'AGILITY GOLD GATOS X 1,5 KL', 'NO APLICA', '23051.00', '30000.00', '320.00', 10, NULL),
(623, 'AGILITY GOLD PEQUEÑOS CACHORROS X 1,5 KL', 'NO APLICA', '20419.00', '26600.00', '321.00', 10, NULL),
(624, 'AGILITY GOLD PEQUEÑOS CACHORROS X 3 KLO', 'NO APLICA', '41348.00', '61500.00', '322.00', 10, NULL),
(625, 'AGILITY GOLD POUCHES ADULTOS', 'NO APLICA', '2488.00', '3100.00', '323.00', 10, NULL),
(626, 'AGILITY GOLD POUCHES CACHORROS', 'NO APLICA', '2923.00', '3600.00', '324.00', 10, NULL),
(627, 'ARENA SOPICATS X 4,8 KG', 'NO APLICA', '23611.00', '29500.00', '325.00', 10, NULL),
(628, 'CHUMKY ADULTO CORDERO X 4 KLOS', 'NO APLICA', '43801.00', '55000.00', '326.00', 10, NULL),
(629, 'CHUNKY ADULTO * 500', 'NO APLICA', '2540.00', '3200.00', '327.00', 10, NULL),
(630, 'CHUNKY ADULTO 2 KG', 'NO APLICA', '10795.00', '13700.00', '328.00', 10, NULL),
(631, 'CHUNKY ADULTO CORDERO X 1,5', 'NO APLICA', '16744.00', '20000.00', '329.00', 10, NULL),
(632, 'CHUNKY ADULTOS MAYORES 1,5', 'NO APLICA', '15271.00', '19200.00', '330.00', 10, NULL),
(633, 'CHUNKY ADULTOS RP X 1,5', 'NO APLICA', '9550.00', '12000.00', '331.00', 10, NULL),
(634, 'CHUNKY ADULTOS RP X 500', 'NO APLICA', '3101.00', '3900.00', '332.00', 10, NULL),
(635, 'CHUNKY ADULTOS RP X 8 KLO', 'NO APLICA', '39611.00', '51000.00', '333.00', 10, NULL),
(636, 'CHUNKY ADULTP CORDERO EMPACADO', 'NO APLICA', '7749.00', '10000.00', '334.00', 10, NULL),
(637, 'CHUNKY CACHORRO 2 KG', 'NO APLICA', '13385.00', '16900.00', '335.00', 10, NULL),
(638, 'CHUNKY CACHORRO 500 GRS', 'NO APLICA', '3140.00', '3900.00', '336.00', 10, NULL),
(639, 'CHUNKY CACHORRO CORDERO X 1,5', 'NO APLICA', '19157.00', '23000.00', '337.00', 10, NULL),
(640, 'CHUNKY CACHORRO CORDERO X 8 KLOS', 'NO APLICA', '75464.00', '95000.00', '338.00', 10, NULL),
(641, 'CHUNKY CACHORRO X 18 KG', 'NO APLICA', '99358.00', '125000.00', '339.00', 10, NULL),
(642, 'CHUNKY DELICAPRICHOS GATO', 'NO APLICA', '2085.00', '2800.00', '340.00', 10, NULL),
(643, 'CHUNKY DELICAPRICHOS PERRO', 'NO APLICA', '3669.00', '4800.00', '341.00', 10, NULL),
(644, 'CHUNKY DELICAT POUCHES', 'NO APLICA', '1748.00', '2300.00', '342.00', 10, NULL),
(645, 'CHUNKY DELIDOG BONE', 'NO APLICA', '5025.00', '6500.00', '343.00', 10, NULL),
(646, 'CHUNKY DELIDOG DENT', 'NO APLICA', '4435.00', '6200.00', '344.00', 10, NULL),
(647, 'CHUNKY DELIDOG MIX X 280 GR', 'NO APLICA', '9068.00', '11400.00', '345.00', 10, NULL),
(648, 'CHUNKY DELIDOG POUCHES', 'NO APLICA', '1839.00', '2300.00', '346.00', 10, NULL),
(649, 'CHUNKY DELIDOG TROZOS DE POLLO', 'NO APLICA', '4776.00', '6000.00', '347.00', 10, NULL),
(650, 'CHUNKY GATITOS X 1,5 KLO', 'NO APLICA', '15375.00', '19200.00', '348.00', 10, NULL),
(651, 'CHUNKY GATITOS X 500', 'NO APLICA', '5908.00', '7500.00', '349.00', 10, NULL),
(652, 'CHUNKY GATO *500', 'NO APLICA', '3756.00', '4700.00', '350.00', 10, NULL),
(653, 'CHUNKY GATO CORDERO Y SALMON X 500 G', 'NO APLICA', '5696.00', '7200.00', '351.00', 10, NULL),
(654, 'CHUNKY GATO SALMON CORDERO X 1,5 KL', 'NO APLICA', '14750.00', '18500.00', '352.00', 10, NULL),
(655, 'CARGADOR LONA TALLA L', 'NO APLICA', '39000.00', '63000.00', '353.00', 11, NULL),
(656, 'ARENA EASY CLEAN CITRICA- TALCO BB X KLO', 'NO APLICA', '2040.00', '3300.00', '354.00', 12, NULL),
(657, 'ARENA NEOCLEAN LIMON X 4,5 KL', 'NO APLICA', '12249.00', '16000.00', '355.00', 12, NULL),
(658, 'CASA HAMSTER HOUSE 2', 'NO APLICA', '5628.00', '8500.00', '356.00', 12, NULL),
(659, 'CASA HEMSTER JOLLY HOUSE', 'NO APLICA', '4998.00', '7500.00', '357.00', 12, NULL),
(660, 'DECORACION ACUARIO JQ055B', 'NO APLICA', '13409.00', '22000.00', '358.00', 12, NULL),
(661, 'DECORACION ACUARIO JQ064', 'NO APLICA', '20565.00', '33000.00', '359.00', 12, NULL),
(662, 'JAULA HAMSTER 619B', 'NO APLICA', '30848.00', '47000.00', '360.00', 12, NULL),
(663, 'JAULA HAMSTER 629E', 'NO APLICA', '19474.00', '32000.00', '361.00', 12, NULL),
(664, 'JAULA HAMSTER HC601', 'NO APLICA', '26539.00', '43000.00', '362.00', 12, NULL),
(665, 'JAULA HAMSTER HC601K', 'NO APLICA', '54574.00', '82000.00', '363.00', 12, NULL),
(666, 'JAULA HAMSTER HC604', 'NO APLICA', '37941.00', '57000.00', '364.00', 12, NULL),
(667, 'JAULA HAMSTER HC604K', 'NO APLICA', '50610.00', '81000.00', '365.00', 12, NULL),
(668, 'JAULA HAMSTER HC605', 'NO APLICA', '41878.00', '67000.00', '366.00', 12, NULL),
(669, 'JAULA HAMSTER HC606T', 'NO APLICA', '69684.00', '105000.00', '367.00', 12, NULL),
(670, 'JAULA HAMSTER S51', 'NO APLICA', '20220.00', '31000.00', '368.00', 12, NULL),
(671, 'JAULA HAMSTER S52', 'NO APLICA', '45096.00', '68000.00', '369.00', 12, NULL),
(672, 'JAULAS HASTER HC602', 'NO APLICA', '37626.00', '56500.00', '370.00', 12, NULL),
(673, 'COMEDERO CONEJO', 'NO APLICA', '4000.00', '6400.00', '371.00', 13, NULL),
(674, 'JAULA BENGALI #1', 'NO APLICA', '23550.00', '38000.00', '372.00', 13, NULL),
(675, 'JAULA CASA # 5', 'NO APLICA', '23250.00', '37500.00', '373.00', 13, NULL),
(676, 'JAULA CASA #1', 'NO APLICA', '12750.00', '20500.00', '374.00', 13, NULL),
(677, 'JAULA CASA #2', 'NO APLICA', '13950.00', '23000.00', '375.00', 13, NULL),
(678, 'JAULA CASA #3', 'NO APLICA', '17100.00', '28000.00', '376.00', 13, NULL),
(679, 'JAULA CASA #4', 'NO APLICA', '18500.00', '32000.00', '377.00', 13, NULL),
(680, 'JAULA CASA #6', 'NO APLICA', '25700.00', '42000.00', '378.00', 13, NULL),
(681, 'JAULA CONEJO #1', 'NO APLICA', '39750.00', '64000.00', '379.00', 13, NULL),
(682, 'JAULA HAMSTER # SENCILLA', 'NO APLICA', '14800.00', '24000.00', '380.00', 13, NULL),
(683, 'JAULA HAMSTER DOBLE', 'NO APLICA', '26500.00', '43000.00', '381.00', 13, NULL),
(684, 'JAULA JAPONESA #1', 'NO APLICA', '24650.00', '40000.00', '382.00', 13, NULL),
(685, 'JAULA OVALADA #5', 'NO APLICA', '22500.00', '36000.00', '383.00', 13, NULL),
(686, 'JAULA OVALADA #6', 'NO APLICA', '24800.00', '40000.00', '384.00', 13, NULL),
(687, 'JAULA REDONDA # 3', 'NO APLICA', '21400.00', '35000.00', '385.00', 13, NULL),
(688, 'JAULA REDONDA # 5', 'NO APLICA', '30150.00', '50000.00', '386.00', 13, NULL),
(689, 'JAULA REDONDA #1', 'NO APLICA', '15900.00', '26000.00', '387.00', 13, NULL),
(690, 'JAULA REDONDA #2', 'NO APLICA', '19350.00', '31000.00', '388.00', 13, NULL),
(691, 'JAULA REDONDA #4', 'NO APLICA', '27000.00', '43500.00', '389.00', 13, NULL),
(692, 'NIDO CACATUA Y FISHER #1', 'NO APLICA', '9200.00', '15000.00', '390.00', 13, NULL),
(693, 'NIDO MADERA LOROS Y CACATUAS', 'NO APLICA', '10300.00', '16500.00', '391.00', 13, NULL),
(694, 'RUEDA HAMSTER ALAMBRE', 'NO APLICA', '6200.00', '10000.00', '392.00', 13, NULL),
(695, 'ANTICLORO', 'NO APLICA', '1200.00', '2000.00', '393.00', 14, NULL),
(696, 'AQUAPRIME', 'NO APLICA', '2200.00', '5000.00', '394.00', 14, NULL),
(697, 'BACTERIAS', 'NO APLICA', '1200.00', '2500.00', '395.00', 14, NULL),
(698, 'BETERA MADERA GRANDE', 'NO APLICA', '32000.00', '45000.00', '396.00', 14, NULL),
(699, 'BETERA PARA PECES MADERA MED', 'NO APLICA', '24000.00', '36000.00', '397.00', 14, NULL),
(700, 'BETERA PARA PECES MADERA PEQ', 'NO APLICA', '18000.00', '26000.00', '398.00', 14, NULL),
(701, 'ANTIBACTERIAL CLOREHEXIDINA', 'NO APLICA', '6400.00', '9000.00', '399.00', 15, NULL),
(702, 'BAÑO SECO INSECTISIDA Y MEDICADO', 'NO APLICA', '10200.00', '14300.00', '400.00', 15, NULL),
(703, 'COLONIA PERRO Y GATO', 'NO APLICA', '8300.00', '11700.00', '401.00', 15, NULL),
(704, 'DERMATIS X120', 'NO APLICA', '11800.00', '17500.00', '402.00', 15, NULL),
(705, 'DERMATITIS X60', 'NO APLICA', '6600.00', '9300.00', '403.00', 15, NULL),
(706, 'FIPRONIL SPRAY', 'NO APLICA', '8500.00', '12000.00', '404.00', 15, NULL),
(707, 'SHAMPO HERBAL Y DURAZNO SOBRE', 'NO APLICA', '2700.00', '3800.00', '405.00', 15, NULL),
(708, 'SHAMPO HERBAL Y DURAZNO X TARRO', 'NO APLICA', '5900.00', '8300.00', '406.00', 15, NULL),
(709, 'CAMA PUFF', 'NO APLICA', '36000.00', '68000.00', '407.00', 16, NULL),
(710, 'MUNGOS ROLLITOS- CARNE- POLLO- FRUTAS-MENTAS', 'NO APLICA', '1566.00', '2400.00', '408.00', 17, NULL),
(711, 'MUNGOS CATS CARNE- POLLO', 'NO APLICA', '2400.00', '3600.00', '409.00', 17, NULL),
(712, 'PERFUME CANINO X 150', 'NO APLICA', '16384.00', '21300.00', '410.00', 18, NULL),
(713, 'PERFUME FELINO X 150', 'NO APLICA', '13799.00', '18000.00', '411.00', 18, NULL),
(714, 'BOCADITOS X 150 GR', 'NO APLICA', '2911.00', '3800.00', '412.00', 18, NULL),
(715, 'BOCADITOS X 200 GR', 'NO APLICA', '3582.00', '5000.00', '413.00', 18, NULL),
(716, 'GALLETA CAN AMOR GATO', 'NO APLICA', '2868.00', '4000.00', '414.00', 18, NULL),
(717, 'JABON ARBOL DE TE', 'NO APLICA', '7794.00', '9800.00', '415.00', 18, NULL),
(718, 'JABON ANTIPULGAS X 90 INSECTICIDA', 'NO APLICA', '7471.00', '9300.00', '416.00', 18, NULL),
(719, 'JABON DESODORANTE X 90 CAN AMOR', 'NO APLICA', '7367.00', '9400.00', '417.00', 18, NULL),
(720, 'PEDIGREE POUCHES', 'NO APLICA', '2100.00', '2600.00', '418.00', 18, NULL),
(721, 'PEDIGREE VITAL ADULTO RP X 1', 'NO APLICA', '9171.00', '11500.00', '419.00', 18, NULL),
(722, 'PEDIGREE X 100 G BISCUIT MINI', 'NO APLICA', '2339.00', '3300.00', '420.00', 18, NULL),
(723, 'PEEDIGRE ADULTO SENIOR X 3 KL', 'NO APLICA', '26256.00', '32000.00', '421.00', 18, NULL),
(724, 'SHAMPO ANTIPULGAS SOBR', 'NO APLICA', '2498.00', '3300.00', '422.00', 18, NULL),
(725, 'SHAMPO ANTIPULGAS X 230 CAN AMOR', 'NO APLICA', '13898.00', '18000.00', '423.00', 18, NULL),
(726, 'SHAMPO ARBOL DE TE', 'NO APLICA', '17921.00', '22400.00', '424.00', 18, NULL),
(727, 'SHAMPO ARBOL DE TE SOBRE', 'NO APLICA', '2841.00', '3700.00', '425.00', 18, NULL),
(728, 'SHAMPO NORMAL X 230', 'NO APLICA', '15054.00', '20000.00', '426.00', 18, NULL),
(729, 'SHAMPO PELO CLARO', 'NO APLICA', '16538.00', '21500.00', '427.00', 18, NULL),
(730, 'SHAMPO RINSE PERRO', 'NO APLICA', '15427.00', '20000.00', '428.00', 18, NULL),
(731, 'SHAMPO RINSE SOBRE', 'NO APLICA', '2841.00', '3700.00', '429.00', 18, NULL),
(732, 'SPRAY ANTIPULGAS', 'NO APLICA', '14406.00', '18000.00', '430.00', 18, NULL),
(733, 'TALCO DESEDORANTE X 100 GATOS', 'NO APLICA', '12403.00', '16200.00', '431.00', 18, NULL),
(734, 'TALCO DESEDORANTE X 100 PERROS', 'NO APLICA', '12403.00', '16200.00', '432.00', 18, NULL),
(735, 'TALCO INSECTICIDA CANAMOR', 'NO APLICA', '10905.00', '14200.00', '433.00', 18, NULL),
(736, 'WHISKAS POUCHE', 'NO APLICA', '2100.00', '2600.00', '434.00', 18, NULL),
(737, 'ALIMENTO HAMSTER VITAGRANO', 'NO APLICA', '2479.00', '3200.00', '435.00', 19, NULL),
(738, 'ALIMENTO LOROS X 500 G', 'NO APLICA', '4666.00', '5900.00', '436.00', 19, NULL),
(739, 'ALIMENTO SINSONTES Y TURPIALES', 'NO APLICA', '2697.00', '3500.00', '437.00', 19, NULL),
(740, 'ARENA CITRICA X 7 KG', 'NO APLICA', '26145.00', '33000.00', '438.00', 19, NULL),
(741, 'ARENA FREEMIAU CITRICA X 4 KG', 'NO APLICA', '16458.00', '21000.00', '439.00', 19, NULL),
(742, 'ARENA KLEAN KAT X 5 KLO', 'NO APLICA', '18487.00', '24000.00', '440.00', 19, NULL),
(743, 'ARENAFREMIAU * 1KG', 'NO APLICA', '4337.00', '5300.00', '441.00', 19, NULL),
(744, 'ARENILLA CALCIFICANTE', 'NO APLICA', '1727.00', '2100.00', '442.00', 19, NULL),
(745, 'AVENA EN PEPA', 'NO APLICA', '1822.00', '2200.00', '443.00', 19, NULL),
(746, 'CACAHUATE X 150 G', 'NO APLICA', '2158.00', '3000.00', '444.00', 19, NULL),
(747, 'CANTASANTIN CANTO', 'NO APLICA', '2421.00', '3000.00', '445.00', 19, NULL),
(748, 'CANTASANTIN COLOR', 'NO APLICA', '2421.00', '3000.00', '446.00', 19, NULL),
(749, 'CIPACAN CACHORROS X KLO', 'NO APLICA', '3535.00', '4400.00', '447.00', 19, NULL),
(750, 'CIPACAN EXTRUIDO CARNE X 800', 'NO APLICA', '2567.00', '3200.00', '448.00', 19, NULL),
(751, 'CIPACAN EXTRUIDO POLLO X 800', 'NO APLICA', '2524.00', '3200.00', '449.00', 19, NULL),
(752, 'CIPACAN RAZAS PEQUEÑAS X 800', 'NO APLICA', '3067.00', '3900.00', '450.00', 19, NULL),
(753, 'CIPACAT X 500', 'NO APLICA', '2779.00', '3500.00', '451.00', 19, NULL),
(754, 'MATERIAL NIDO', 'NO APLICA', '2396.00', '3000.00', '452.00', 19, NULL),
(755, 'MIJO BLANCO Y ROJO X 500', 'NO APLICA', '2625.00', '3400.00', '453.00', 19, NULL),
(756, 'MOSTAZA', 'NO APLICA', '2975.00', '3800.00', '454.00', 19, NULL),
(757, 'ORNAMENTAL MIXTURA X 250', 'NO APLICA', '1750.00', '2200.00', '455.00', 19, NULL),
(758, 'VITACANARIO CANTO Y COLOR', 'NO APLICA', '2989.00', '3800.00', '456.00', 19, NULL),
(759, 'VITAGRANO SUPLEMENTO', 'NO APLICA', '3208.00', '4100.00', '457.00', 19, NULL),
(760, 'VITAPERICO', 'NO APLICA', '2916.00', '3500.00', '458.00', 19, NULL),
(761, 'BOZAL', 'NO APLICA', '13000.00', '20800.00', '459.00', 20, NULL),
(762, 'BOZAL', 'NO APLICA', '14500.00', '23000.00', '460.00', 20, NULL),
(763, 'COLLAS S PLAQUITA', 'NO APLICA', '4500.00', '7000.00', '461.00', 20, NULL),
(764, 'PASEADOR CORTO', 'NO APLICA', '13000.00', '19500.00', '462.00', 20, NULL),
(765, 'ALPISTE * 500', 'NO APLICA', '1920.00', '2400.00', '463.00', 21, NULL),
(766, 'NUTRECAN CACHORROS X 2 KLOS', 'NO APLICA', '9657.00', '12000.00', '464.00', 21, NULL),
(767, 'NUTRECAN CACHORROS X 500', 'NO APLICA', '2413.00', '3100.00', '465.00', 21, NULL),
(768, 'NUTRECAN CROQUETAS ADULTO X 2 KLO', 'NO APLICA', '7673.00', '9600.00', '466.00', 21, NULL),
(769, 'NUTRECAN CROQUETAS ADULTO X 800', 'NO APLICA', '2965.00', '3700.00', '467.00', 21, NULL),
(770, 'Q-IDA CAN CACHORROS X 1 KLO', 'NO APLICA', '2822.00', '3600.00', '468.00', 21, NULL),
(771, 'Q-IDA CAN ADULTOS X 1 KG', 'NO APLICA', '2114.00', '2700.00', '469.00', 21, NULL),
(772, 'Q-IDA CAT X 500 GR', 'NO APLICA', '2320.00', '3000.00', '470.00', 21, NULL),
(773, 'SABUESO ADULTO 1 KG', 'NO APLICA', '2643.00', '3300.00', '471.00', 21, NULL),
(774, 'SABUESO CACHORRO X 1 KLO', 'NO APLICA', '3351.00', '4200.00', '472.00', 21, NULL),
(775, 'ARENERA 2', 'NO APLICA', '17500.00', '28000.00', '473.00', 22, NULL),
(776, 'ARENERO MINU LARGE', 'NO APLICA', '27900.00', '42000.00', '474.00', 22, NULL),
(777, 'BAÑERA PEQUEÑA', 'NO APLICA', '1100.00', '1700.00', '475.00', 22, NULL),
(778, 'BEBEDERO AVE', 'NO APLICA', '750.00', '1200.00', '476.00', 22, NULL),
(779, 'BEBEDERO HAMSTER', 'NO APLICA', '3900.00', '6300.00', '477.00', 22, NULL),
(780, 'BEBEDERO HAMSTER', 'NO APLICA', '4500.00', '7200.00', '478.00', 22, NULL),
(781, 'BEBEDERO PORTATIL', 'NO APLICA', '5900.00', '9000.00', '479.00', 22, NULL),
(782, 'BETERERAS PARA PECES', 'NO APLICA', '4900.00', '8000.00', '480.00', 22, NULL),
(783, 'BOLA HAMSTER', 'NO APLICA', '15000.00', '22500.00', '481.00', 22, NULL),
(784, 'BOSAL', 'NO APLICA', '7600.00', '11500.00', '482.00', 22, NULL),
(785, 'BOSAL REATA', 'NO APLICA', '5500.00', '8800.00', '483.00', 22, NULL),
(786, 'BOSAL VARIAS TALLAS # 2', 'NO APLICA', '4200.00', '6300.00', '484.00', 22, NULL),
(787, 'BOSAL VARIAS TALLAS # 3', 'NO APLICA', '4200.00', '6500.00', '485.00', 22, NULL),
(788, 'BOSAL VARIAS TALLAS #4', 'NO APLICA', '4200.00', '6700.00', '486.00', 22, NULL),
(789, 'BOSAL VARIAS TALLAS #5', 'NO APLICA', '4200.00', '6900.00', '487.00', 22, NULL),
(790, 'BOSAL VARIAS TALLAS #6', 'NO APLICA', '4200.00', '7100.00', '488.00', 22, NULL),
(791, 'BOSAL VARIAS TALLAS #7', 'NO APLICA', '4200.00', '7300.00', '489.00', 22, NULL),
(792, 'BOSAL VARIAS TALLAS #8', 'NO APLICA', '4200.00', '7500.00', '490.00', 22, NULL),
(793, 'CADENA RETORCIDA GRANDE', 'NO APLICA', '8600.00', '13700.00', '491.00', 22, NULL),
(794, 'CADENA RETORCIDA MEDINA', 'NO APLICA', '7900.00', '11700.00', '492.00', 22, NULL),
(795, 'CADENA RETORCIDA MINI', 'NO APLICA', '6900.00', '10300.00', '493.00', 22, NULL),
(796, 'CADENA RETORCIDA PEQUEÑA', 'NO APLICA', '7900.00', '12000.00', '494.00', 22, NULL),
(797, 'CAMA IGLU ZAPATO', 'NO APLICA', '23000.00', '37000.00', '495.00', 22, NULL),
(798, 'CAMA SOFA GRANDE', 'NO APLICA', '38900.00', '63000.00', '496.00', 22, NULL),
(799, 'CAMA SOFA PEQ', 'NO APLICA', '22900.00', '37000.00', '497.00', 22, NULL),
(800, 'CARGADOR MYM GRANDE', 'NO APLICA', '34900.00', '52400.00', '498.00', 22, NULL),
(801, 'CARGADOR MYM MEDIANO', 'NO APLICA', '29900.00', '45000.00', '499.00', 22, NULL),
(802, 'CARGADOR MYM PEQUEÑO', 'NO APLICA', '24000.00', '36000.00', '500.00', 22, NULL),
(803, 'CEPILLO DE DIENTES DEDO', 'NO APLICA', '1500.00', '2300.00', '501.00', 22, NULL),
(804, 'CEPILLO DOBLE CUADRADO', 'NO APLICA', '4900.00', '7900.00', '502.00', 22, NULL),
(805, 'CEPILLO INDIVIDUAL', 'NO APLICA', '1133.00', '2300.00', '503.00', 22, NULL),
(806, 'CEPILLOS DOBLE REDDONDO', 'NO APLICA', '4900.00', '7900.00', '504.00', 22, NULL),
(807, 'COCA VIAJERA', 'NO APLICA', '5500.00', '8800.00', '505.00', 22, NULL),
(808, 'COLLAR 5/8', 'NO APLICA', '2200.00', '5500.00', '506.00', 22, NULL),
(809, 'COLLAR TALLA L PERRO 1\"', 'NO APLICA', '3500.00', '7000.00', '507.00', 22, NULL),
(810, 'COLLAR TALLA M PERRO 3/4', 'NO APLICA', '2600.00', '6000.00', '508.00', 22, NULL),
(811, 'COLLAR TALLA S PERRO 1/2', 'NO APLICA', '1800.00', '5000.00', '509.00', 22, NULL),
(812, 'COLLAR XL 1 1/2', 'NO APLICA', '3900.00', '8000.00', '510.00', 22, NULL),
(813, 'COMEDERO ACERO #1', 'NO APLICA', '3900.00', '6300.00', '511.00', 22, NULL),
(814, 'COMEDERO ACERO #2', 'NO APLICA', '5700.00', '9200.00', '512.00', 22, NULL),
(815, 'COMEDERO ACERO #3', 'NO APLICA', '6900.00', '11000.00', '513.00', 22, NULL),
(816, 'COMEDERO ALUMINIO GRANDE', 'NO APLICA', '16900.00', '25400.00', '514.00', 22, NULL),
(817, 'COMEDERO ALUMINIO MEDIANO', 'NO APLICA', '13900.00', '22300.00', '515.00', 22, NULL),
(818, 'COMEDERO AVE DOBLES', 'NO APLICA', '750.00', '1600.00', '516.00', 22, NULL),
(819, 'COMEDERO AVE JUMBO', 'NO APLICA', '1400.00', '2200.00', '517.00', 22, NULL),
(820, 'COMEDERO DOBLE EXAGONAL', 'NO APLICA', '3600.00', '5800.00', '518.00', 22, NULL),
(821, 'COMEDERO DOBLE GRANDE CUADRADO', 'NO APLICA', '3500.00', '5600.00', '519.00', 22, NULL),
(822, 'COMEDERO DOBLE HUESO MEDIANO', 'NO APLICA', '3600.00', '6000.00', '520.00', 22, NULL),
(823, 'COMEDERO DOBLE MEDIANO CUADRADO', 'NO APLICA', '3200.00', '5200.00', '521.00', 22, NULL),
(824, 'COMEDERO DOBLE PEQUEÑO CUADRADO', 'NO APLICA', '3000.00', '4800.00', '522.00', 22, NULL),
(825, 'COMEDERO GATO', 'NO APLICA', '2000.00', '3200.00', '523.00', 22, NULL),
(826, 'COMEDERO HAMSTER GRANDE', 'NO APLICA', '2300.00', '3500.00', '524.00', 22, NULL),
(827, 'COMEDERO HAMSTER PEQUEÑO', 'NO APLICA', '1600.00', '2500.00', '525.00', 22, NULL),
(828, 'COMEDERO HUELLA', 'NO APLICA', '2000.00', '3200.00', '526.00', 22, NULL),
(829, 'COMEDERO HUESO PEQUEÑO', 'NO APLICA', '3000.00', '5000.00', '527.00', 22, NULL),
(830, 'COMEDERO LORO ALUMINIO MEDIANO', 'NO APLICA', '3800.00', '6000.00', '528.00', 22, NULL),
(831, 'COMEDERO LORO ALUMINIO PEQUEÑO', 'NO APLICA', '3500.00', '5500.00', '529.00', 22, NULL),
(832, 'COMEDERO MEDIA LUNA SENCILLO AVE', 'NO APLICA', '1300.00', '2000.00', '530.00', 22, NULL),
(833, 'COMEDERO PEQUEÑO AVE', 'NO APLICA', '800.00', '1300.00', '531.00', 22, NULL),
(834, 'COMEDERO REDONDO EXTRAGRANDE', 'NO APLICA', '4500.00', '7200.00', '532.00', 22, NULL),
(835, 'COMEDERO REDONDO GATO', 'NO APLICA', '5500.00', '8800.00', '533.00', 22, NULL),
(836, 'COMEDERO REDONDO GRANDE', 'NO APLICA', '3500.00', '5600.00', '534.00', 22, NULL),
(837, 'COMEDERO REDONDO LIVIANO MINI', 'NO APLICA', '0.00', '3200.00', '535.00', 22, NULL),
(838, 'COMEDERO REDONDO LIVIANO PEQUEÑO', 'NO APLICA', '2200.00', '3600.00', '536.00', 22, NULL),
(839, 'CORBATA', 'NO APLICA', '3000.00', '4500.00', '537.00', 22, NULL),
(840, 'CORTA UNAS GRANDE', 'NO APLICA', '7900.00', '12700.00', '538.00', 22, NULL),
(841, 'CORTA UÑAS MEDIANO', 'NO APLICA', '5900.00', '9500.00', '539.00', 22, NULL),
(842, 'CREMA DENTAL', 'NO APLICA', '5900.00', '9500.00', '540.00', 22, NULL),
(843, 'CREMA DENTAL KIT', 'NO APLICA', '9500.00', '15200.00', '541.00', 22, NULL),
(844, 'CUELLO ITALIANI MINI', 'NO APLICA', '4500.00', '7200.00', '542.00', 22, NULL),
(845, 'CUELLO ANTIPULGAS', 'NO APLICA', '12500.00', '20000.00', '543.00', 22, NULL),
(846, 'CUELLO ITALIANO', 'NO APLICA', '7900.00', '12700.00', '544.00', 22, NULL),
(847, 'CUELLO ITALIANO MEDIANO', 'NO APLICA', '7600.00', '11900.00', '545.00', 22, NULL),
(848, 'CUELLO ITALIANO PEQUEÑO', 'NO APLICA', '6800.00', '11000.00', '546.00', 22, NULL),
(849, 'CUELLO MOÑO', 'NO APLICA', '3000.00', '5000.00', '547.00', 22, NULL),
(850, 'CUELLO PAÑOLETA GRANDE', 'NO APLICA', '3200.00', '5000.00', '548.00', 22, NULL),
(851, 'CUELLO PAÑOLETA PEQUEÑO', 'NO APLICA', '2600.00', '4200.00', '549.00', 22, NULL),
(852, 'CUELLO PASEADOR 1', 'NO APLICA', '5900.00', '10000.00', '550.00', 22, NULL),
(853, 'CUELLO PASEADOR 3/4', 'NO APLICA', '5400.00', '9000.00', '551.00', 22, NULL),
(854, 'CUELLO PASEADOR 5/8', 'NO APLICA', '4900.00', '8000.00', '552.00', 22, NULL),
(855, 'CULUMPIOS GRANDES', 'NO APLICA', '1400.00', '2200.00', '553.00', 22, NULL),
(856, 'CULUMPIOS PEQUEÑOS', 'NO APLICA', '1100.00', '1800.00', '554.00', 22, NULL),
(857, 'DISPENSADOR AGUA', 'NO APLICA', '7900.00', '12000.00', '555.00', 22, NULL),
(858, 'EDUCADOR CANINO', 'NO APLICA', '5700.00', '9000.00', '556.00', 22, NULL),
(859, 'ELIMIDADOR DE OLORES', 'NO APLICA', '3800.00', '6000.00', '557.00', 22, NULL),
(860, 'GUANTES', 'NO APLICA', '4500.00', '7200.00', '558.00', 22, NULL),
(861, 'GUANTES QUITAPELO', 'NO APLICA', '6700.00', '10500.00', '559.00', 22, NULL),
(862, 'HUESO CARNAZA 2-3 PAQUE X 6', 'NO APLICA', '637.00', '1500.00', '560.00', 22, NULL),
(863, 'HUESO CARNAZA 6,7', 'NO APLICA', '3100.00', '5000.00', '561.00', 22, NULL),
(864, 'HUESO CARNAZA 9-10', 'NO APLICA', '5500.00', '8800.00', '562.00', 22, NULL),
(865, 'HUESO DENTADO MEDIANO', 'NO APLICA', '3500.00', '5600.00', '563.00', 22, NULL),
(866, 'HUESO DENTADO PEQUEÑO', 'NO APLICA', '2500.00', '4500.00', '564.00', 22, NULL),
(867, 'IDRO GOTERO VITAMINAS', 'NO APLICA', '2800.00', '4500.00', '565.00', 22, NULL),
(868, 'IGLU GRANDE', 'NO APLICA', '36000.00', '58000.00', '566.00', 22, NULL),
(869, 'IGLU PEQUEÑO', 'NO APLICA', '29000.00', '47000.00', '567.00', 22, NULL),
(870, 'IKI LOCION X 30 ML', 'NO APLICA', '4900.00', '7000.00', '568.00', 22, NULL),
(871, 'JAULA HAMSTER # 4', 'NO APLICA', '34500.00', '52000.00', '569.00', 22, NULL),
(872, 'JAULA HAMSTER #1', 'NO APLICA', '18900.00', '30000.00', '570.00', 22, NULL),
(873, 'JAULA HAMSTER #2', 'NO APLICA', '22900.00', '37000.00', '571.00', 22, NULL),
(874, 'JAULA HAMSTER LO1004', 'NO APLICA', '58200.00', '93000.00', '572.00', 22, NULL),
(875, 'LASO AHOGO SENCILLO', 'NO APLICA', '12500.00', '19500.00', '573.00', 22, NULL),
(876, 'LAZO AHOGO DELGADO', 'NO APLICA', '5800.00', '9300.00', '574.00', 22, NULL),
(877, 'LAZO PELOTA', 'NO APLICA', '7000.00', '10500.00', '575.00', 22, NULL),
(878, 'LAZO PELOTA MACIZO', 'NO APLICA', '8000.00', '12000.00', '576.00', 22, NULL),
(879, 'LOCIONES', 'NO APLICA', '6800.00', '11000.00', '577.00', 22, NULL),
(880, 'NIDO BENGALIE', 'NO APLICA', '3000.00', '5000.00', '578.00', 22, NULL),
(881, 'NIDO CACATUA', 'NO APLICA', '6900.00', '11000.00', '579.00', 22, NULL),
(882, 'NIDO CANARIO', 'NO APLICA', '2500.00', '4500.00', '580.00', 22, NULL),
(883, 'NIDO CASA PEQUEÑA', 'NO APLICA', '4500.00', '7200.00', '581.00', 22, NULL),
(884, 'NIDO LUJO', 'NO APLICA', '5900.00', '9500.00', '582.00', 22, NULL),
(885, 'NIDOS PERICOS', 'NO APLICA', '3500.00', '6000.00', '583.00', 22, NULL),
(886, 'PALA CARA GATO', 'NO APLICA', '3000.00', '5000.00', '584.00', 22, NULL),
(887, 'PAÑAL S', 'NO APLICA', '1190.00', '1500.00', '585.00', 22, NULL),
(888, 'PASEADOR CORTO', 'NO APLICA', '8500.00', '14000.00', '586.00', 22, NULL),
(889, 'PASEADOR DELGADO', 'NO APLICA', '9000.00', '15000.00', '587.00', 22, NULL),
(890, 'PASEADOR LARGO', 'NO APLICA', '13000.00', '21000.00', '588.00', 22, NULL),
(891, 'PEINE DERECHO', 'NO APLICA', '4800.00', '7000.00', '589.00', 22, NULL),
(892, 'PELOTA YOGO GRANDE', 'NO APLICA', '6500.00', '10000.00', '590.00', 22, NULL),
(893, 'PELOTA MACIZA PEQUEÑA', 'NO APLICA', '4500.00', '7000.00', '591.00', 22, NULL),
(894, 'PELOTA NUDO SONAJERO', 'NO APLICA', '3600.00', '5500.00', '592.00', 22, NULL),
(895, 'PELOTA RATON EQUILIBRIO', 'NO APLICA', '3900.00', '6000.00', '593.00', 22, NULL),
(896, 'PELOTA TRENZA GRANDE', 'NO APLICA', '4900.00', '8000.00', '594.00', 22, NULL),
(897, 'PELOTA TRENZA PEQUEÑA', 'NO APLICA', '3800.00', '6000.00', '595.00', 22, NULL),
(898, 'PELOTA X 4', 'NO APLICA', '625.00', '1000.00', '596.00', 22, NULL),
(899, 'PELOTA YOGO PEQUEÑA', 'NO APLICA', '5500.00', '8800.00', '597.00', 22, NULL),
(900, 'RASCADOR GATO MANCUERNA', 'NO APLICA', '3900.00', '6300.00', '598.00', 22, NULL),
(901, 'RASCADOR GATO PLUMA', 'NO APLICA', '3000.00', '4800.00', '599.00', 22, NULL),
(902, 'RASCADOR TUBO MEDIANO', 'NO APLICA', '10900.00', '17600.00', '600.00', 22, NULL),
(903, 'RASQUETA UNIVERAL GRANDE 1040', 'NO APLICA', '4900.00', '10700.00', '601.00', 22, NULL),
(904, 'RASQUETA UNIVERSAL MEDIANA J01099', 'NO APLICA', '4500.00', '9500.00', '602.00', 22, NULL),
(905, 'RASQUETA UNIVERSAL PEQUEÑO JO 1041', 'NO APLICA', '3900.00', '8000.00', '603.00', 22, NULL),
(906, 'RATON CUERDA', 'NO APLICA', '4500.00', '7200.00', '604.00', 22, NULL),
(907, 'RATON JAULA', 'NO APLICA', '3000.00', '5000.00', '605.00', 22, NULL),
(908, 'REPUESTO RODILLO QUITAPELOS', 'NO APLICA', '2400.00', '3800.00', '606.00', 22, NULL),
(909, 'RODILLO QUITAPELOS', 'NO APLICA', '5800.00', '8700.00', '607.00', 22, NULL),
(910, 'STEP HONGOS', 'NO APLICA', '1900.00', '3000.00', '608.00', 22, NULL),
(911, 'TETERO', 'NO APLICA', '6500.00', '10000.00', '609.00', 22, NULL),
(912, 'TRAILLA 5/8', 'NO APLICA', '6000.00', '11500.00', '610.00', 22, NULL),
(913, 'TRAILLA L 1\"', 'NO APLICA', '9500.00', '18000.00', '611.00', 22, NULL),
(914, 'TRAILLA M 3/4', 'NO APLICA', '6800.00', '13000.00', '612.00', 22, NULL),
(915, 'TRAILLA S', 'NO APLICA', '5000.00', '10000.00', '613.00', 22, NULL),
(916, 'TRAILLA XL 1\" 1/2', 'NO APLICA', '10500.00', '24000.00', '614.00', 22, NULL),
(917, 'TURRON DE CALCIO', 'NO APLICA', '550.00', '1000.00', '615.00', 22, NULL),
(918, 'VARA AVE X 2', 'NO APLICA', '1400.00', '2800.00', '616.00', 22, NULL),
(919, 'BOMBAS PECES', 'NO APLICA', '5500.00', '8500.00', '617.00', 23, NULL),
(920, 'COBIJA PERRO GATO', 'NO APLICA', '7000.00', '11000.00', '618.00', 23, NULL),
(921, 'JUGUETE GATO PAQUETE', 'NO APLICA', '4500.00', '7000.00', '619.00', 23, NULL),
(922, 'JUGUETE TORRE', 'NO APLICA', '7000.00', '10500.00', '620.00', 23, NULL),
(923, 'PAÑOLETAS', 'NO APLICA', '1000.00', '2500.00', '621.00', 23, NULL);

-- --------------------------------------------------------

--
-- Estructura de tabla para la tabla `proveedores`
--

CREATE TABLE `proveedores` (
  `id` bigint(20) NOT NULL,
  `fecha` date DEFAULT NULL,
  `proveedor` varchar(255) NOT NULL,
  `documento` varchar(50) NOT NULL,
  `direccion` varchar(255) DEFAULT NULL,
  `telefono` varchar(30) DEFAULT NULL,
  `email` varchar(255) DEFAULT NULL,
  `estado` tinyint(1) NOT NULL DEFAULT 1
) ENGINE=InnoDB DEFAULT CHARSET=utf8mb4;

--
-- Volcado de datos para la tabla `proveedores`
--

INSERT INTO `proveedores` (`id`, `fecha`, `proveedor`, `documento`, `direccion`, `telefono`, `email`, `estado`) VALUES
(1, '2020-12-06', 'AGRALBA', '900033408-1', 'SIN DIRECCION', '2345678', 'CORREO@CORREO.COM', 1),
(2, '2020-12-06', 'AGROPETS - ASTRID RESTREPO', '43731920-4', 'SIN DIRECCION', '2345678', 'CORREO@CORREO.COM', 1),
(3, '2020-12-06', 'AMIGO LEAL', '811016902-0', 'SIN DIRECCION', '2345678', 'CORREO@CORREO.COM', 1),
(4, '2020-12-06', 'DG', '123', 'SIN DIRECCION', '2345678', 'CORREO@CORREO.COM', 1),
(5, '2020-12-06', 'DOCTOR PET SAS', '900341552-1', 'SIN DIRECCION', '2345678', 'CORREO@CORREO.COM', 1),
(6, '2020-12-06', 'EMPERATRIZ', '124', 'SIN DIRECCION', '2345678', 'CORREO@CORREO.COM', 1),
(7, '2020-12-06', 'EXPERTIENDAS', '125', 'SIN DIRECCION', '2345678', 'CORREO@CORREO.COM', 1),
(8, '2020-12-06', 'FREDY PINEDA', '126', 'SIN DIRECCION', '2345678', 'CORREO@CORREO.COM', 1),
(9, '2020-12-06', 'GUAUTOYS- ALEJANDRO VALENCIA', '127', 'SIN DIRECCION', '2345678', 'CORREO@CORREO.COM', 1),
(10, '2020-12-06', 'ITALCOL DE OCCIDENTE', '891304762-2', 'SIN DIRECCION', '2345678', 'CORREO@CORREO.COM', 1),
(11, '2020-12-06', 'JAIME', '128', 'SIN DIRECCION', '2345678', 'CORREO@CORREO.COM', 1),
(12, '2020-12-06', 'JARAMILLO PETS SAS', '811047208-1', 'SIN DIRECCION', '2345678', 'CORREO@CORREO.COM', 1),
(13, '2020-12-06', 'JAULAS EL PUNTO', '129', 'SIN DIRECCION', '2345678', 'CORREO@CORREO.COM', 1),
(14, '2020-12-06', 'JEFERSON TABARES', '130', 'SIN DIRECCION', '2345678', 'CORREO@CORREO.COM', 1),
(15, '2020-12-06', 'LABORATORIOS PINEDA', '131', 'SIN DIRECCION', '2345678', 'CORREO@CORREO.COM', 1),
(16, '2020-12-06', 'LILIANA', '132', 'SIN DIRECCION', '2345678', 'CORREO@CORREO.COM', 1),
(17, '2020-12-06', 'MUNGOS', '900540278-1', 'SIN DIRECCION', '2345678', 'CORREO@CORREO.COM', 1),
(18, '2020-12-06', 'PANDA PAN DISTRIBUCIONES', '900275698-5', 'SIN DIRECCION', '2345678', 'CORREO@CORREO.COM', 1),
(19, '2020-12-06', 'PUNTO MERCA', '900066809-1', 'SIN DIRECCION', '2345678', 'CORREO@CORREO.COM', 1),
(20, '2020-12-06', 'RAMIRO', '133', 'SIN DIRECCION', '2345678', 'CORREO@CORREO.COM', 1),
(21, '2020-12-06', 'SUPER ORIENTE', '800045218 - 4', 'SIN DIRECCION', '2345678', 'CORREO@CORREO.COM', 1),
(22, '2020-12-06', 'WILLIAM ANDRES MONTOYA', '1035390698', 'SIN DIRECCION', '2345678', 'CORREO@CORREO.COM', 1),
(23, '2020-12-06', 'SIN PROVEEDOR', '134', 'SIN DIRECCION', '2345678', 'CORREO@CORREO.COM', 1),
(24, '2020-12-06', 'AGROFRANDAR LTDA', '800207141-2', 'SIN DIRECCION', '2345678', 'CORREO@CORREO.COM', 1);

-- --------------------------------------------------------

--
-- Estructura de tabla para la tabla `users`
--

CREATE TABLE `users` (
  `id` int(255) NOT NULL,
  `role` varchar(20) DEFAULT NULL,
  `name` varchar(100) DEFAULT NULL,
  `surname` varchar(200) DEFAULT NULL,
  `nick` varchar(100) DEFAULT NULL,
  `email` varchar(255) DEFAULT NULL,
  `password` varchar(255) DEFAULT NULL,
  `image` varchar(255) DEFAULT NULL,
  `created_at` datetime DEFAULT NULL,
  `updated_at` datetime DEFAULT NULL,
  `remember_token` varchar(255) DEFAULT NULL
) ENGINE=InnoDB DEFAULT CHARSET=utf8mb4;

--
-- Volcado de datos para la tabla `users`
--

INSERT INTO `users` (`id`, `role`, `name`, `surname`, `nick`, `email`, `password`, `image`, `created_at`, `updated_at`, `remember_token`) VALUES
(1, 'user', 'Víctor', 'Robles', 'victorroblesweb', 'victor@victor.com', 'pass', NULL, '2020-06-03 20:52:40', '2020-06-03 20:52:40', NULL),
(2, 'user', 'Juan', 'Lopez', 'juanlopez', 'juan@juan.com', 'pass', NULL, '2020-06-03 20:52:40', '2020-06-03 20:52:40', NULL),
(3, 'user', 'Manolo', 'Garcia', 'manologarcia', 'manolo@manolo.com', 'pass', NULL, '2020-06-03 20:52:40', '2020-06-03 20:52:40', NULL),
(4, NULL, 'admin', NULL, NULL, 'admin@admin.com', '$2y$10$qV63mEfjF6LSRlWVSrSIgOAeRWyGm09x//NFW7SK4w4oE1kcH/ice', NULL, '2020-06-04 23:35:37', '2020-06-04 23:35:37', NULL),
(5, 'user', 'victor', 'grajales', 'vicamilo', 'vcg@gmail.com', '$2y$10$NXw2ThgYKF05d.sEoOQ.O.sJdoOX/BcXvhl5O..xwdJ04.G5eHsam', '1591727145Vegeta.png', '2020-06-05 00:31:19', '2020-06-09 18:25:45', NULL),
(6, 'user', 'camilo', 'muñoz', 'vica', 'victor@gmail.com', '$2y$10$tgNW/ZVxLGpEVkzZplMJw.9VG7aS3ZdsuTEo0wHhYVjT2vFq12tcm', NULL, '2020-06-05 00:33:28', '2020-06-05 00:33:28', NULL),
(7, 'user', 'victor', 'camilo', 'vicami', 'vicami@gmail.com', '$2y$10$GRtevp/pCuHIna5qlxD2YeCLtegJ7QhybGRoimyQAJrjAghMf4W/u', NULL, '2020-11-12 12:44:38', '2020-11-12 12:44:38', NULL),
(8, 'user', 'victor', 'victor', 'victo', 'camilo@gmail.com', '$2y$10$UNBsUdF6swmOQB4Vtx3qeO0W6t8iVOpiuGRZBja5vCXTcd9xxNaiW', NULL, '2020-11-12 23:32:09', '2020-11-12 23:32:09', NULL),
(9, NULL, 'victor', NULL, NULL, 'nuevo@gmail.com', '$2y$10$.OjPMb66g3UWcBJNlIB2xurzmctuTgLnnCRJcOJDgFwbmiEhD9Mdq', NULL, '2020-12-06 15:24:36', '2020-12-06 15:24:36', NULL),
(10, NULL, 'camilo', 'lopez', 'super', 'admin@gmail.com', '$2y$10$hvPaHpEGLNOrDtnfSiexb.yIGRXlJ7aowjb3BeNPE4K6WpsUaJJg.', NULL, '2021-04-12 22:56:11', '2021-04-12 23:11:46', NULL);

--
-- Índices para tablas volcadas
--

--
-- Indices de la tabla `comments`
--
ALTER TABLE `comments`
  ADD PRIMARY KEY (`id`),
  ADD KEY `fk_comments_users` (`user_id`),
  ADD KEY `fk_comments_images` (`image_id`);

--
-- Indices de la tabla `images`
--
ALTER TABLE `images`
  ADD PRIMARY KEY (`id`),
  ADD KEY `fk_images_users` (`user_id`);

--
-- Indices de la tabla `likes`
--
ALTER TABLE `likes`
  ADD PRIMARY KEY (`id`),
  ADD KEY `fk_likes_users` (`user_id`),
  ADD KEY `fk_likes_images` (`image_id`);

--
-- Indices de la tabla `mvto_ventas`
--
ALTER TABLE `mvto_ventas`
  ADD PRIMARY KEY (`id`),
  ADD KEY `fk_producto` (`productoId`);

--
-- Indices de la tabla `productos`
--
ALTER TABLE `productos`
  ADD PRIMARY KEY (`id`),
  ADD KEY `fk_proveedor` (`proveedorId`);

--
-- Indices de la tabla `proveedores`
--
ALTER TABLE `proveedores`
  ADD PRIMARY KEY (`id`);

--
-- Indices de la tabla `users`
--
ALTER TABLE `users`
  ADD PRIMARY KEY (`id`);

--
-- AUTO_INCREMENT de las tablas volcadas
--

--
-- AUTO_INCREMENT de la tabla `comments`
--
ALTER TABLE `comments`
  MODIFY `id` int(255) NOT NULL AUTO_INCREMENT, AUTO_INCREMENT=8;

--
-- AUTO_INCREMENT de la tabla `images`
--
ALTER TABLE `images`
  MODIFY `id` int(255) NOT NULL AUTO_INCREMENT, AUTO_INCREMENT=9;

--
-- AUTO_INCREMENT de la tabla `likes`
--
ALTER TABLE `likes`
  MODIFY `id` int(255) NOT NULL AUTO_INCREMENT, AUTO_INCREMENT=14;

--
-- AUTO_INCREMENT de la tabla `mvto_ventas`
--
ALTER TABLE `mvto_ventas`
  MODIFY `id` bigint(20) NOT NULL AUTO_INCREMENT;

--
-- AUTO_INCREMENT de la tabla `productos`
--
ALTER TABLE `productos`
  MODIFY `id` bigint(20) NOT NULL AUTO_INCREMENT, AUTO_INCREMENT=924;

--
-- AUTO_INCREMENT de la tabla `proveedores`
--
ALTER TABLE `proveedores`
  MODIFY `id` bigint(20) NOT NULL AUTO_INCREMENT, AUTO_INCREMENT=25;

--
-- AUTO_INCREMENT de la tabla `users`
--
ALTER TABLE `users`
  MODIFY `id` int(255) NOT NULL AUTO_INCREMENT, AUTO_INCREMENT=11;

--
-- Restricciones para tablas volcadas
--

--
-- Filtros para la tabla `comments`
--
ALTER TABLE `comments`
  ADD CONSTRAINT `fk_comments_images` FOREIGN KEY (`image_id`) REFERENCES `images` (`id`),
  ADD CONSTRAINT `fk_comments_users` FOREIGN KEY (`user_id`) REFERENCES `users` (`id`);

--
-- Filtros para la tabla `images`
--
ALTER TABLE `images`
  ADD CONSTRAINT `fk_images_users` FOREIGN KEY (`user_id`) REFERENCES `users` (`id`);

--
-- Filtros para la tabla `likes`
--
ALTER TABLE `likes`
  ADD CONSTRAINT `fk_likes_images` FOREIGN KEY (`image_id`) REFERENCES `images` (`id`),
  ADD CONSTRAINT `fk_likes_users` FOREIGN KEY (`user_id`) REFERENCES `users` (`id`);

--
-- Filtros para la tabla `mvto_ventas`
--
ALTER TABLE `mvto_ventas`
  ADD CONSTRAINT `fk_producto` FOREIGN KEY (`productoId`) REFERENCES `productos` (`id`) ON DELETE CASCADE ON UPDATE CASCADE;

--
-- Filtros para la tabla `productos`
--
ALTER TABLE `productos`
  ADD CONSTRAINT `fk_proveedor` FOREIGN KEY (`proveedorId`) REFERENCES `proveedores` (`id`) ON DELETE CASCADE ON UPDATE CASCADE;
COMMIT;

/*!40101 SET CHARACTER_SET_CLIENT=@OLD_CHARACTER_SET_CLIENT */;
/*!40101 SET CHARACTER_SET_RESULTS=@OLD_CHARACTER_SET_RESULTS */;
/*!40101 SET COLLATION_CONNECTION=@OLD_COLLATION_CONNECTION */;
